x,y,y-min,y-max
ad,0.25486672706,0.0014582935000000408,0.0010905227499999892
pead-0,0.24988973006,0.0008937920000000321,0.0014319665000000203
pead-1,0.24967265955999998,0.0009305422499999716,0.0010042825000000366
pead-2,0.25003056056,0.001052755999999988,0.0013631760000000215
