x,y,y-min,y-max
ad,1.3766316824,0.0028496142499998545,0.005667131499999867
pead-0,1.3638787958999998,0.0019037282499998476,0.0030046647500001633
pead-1,1.3917941489,0.001910631000000107,0.002412754999999933
pead-2,1.3651888769,0.00263326450000001,0.003365022999999967
