x,y,y-min,y-max
ad,0.36696662172,0.0006022470000000002,0.0008917802499999739
pead-0,0.36502761972,0.0008806742499999354,0.0008463822499999996
pead-1,0.36505934272,0.0006147152500000086,0.0007815307500000368
pead-2,0.36465554972,0.0006060310000000069,0.000925817750000002
