x,y,y-min,y-max
ad,0.0083956298996,1.1847042499998905e-05,2.413760500000195e-05
pead-0,0.0084235436896,1.7347580000000307e-05,1.4887235000000248e-05
pead-1,0.0078645451446,1.6049569999999208e-05,1.9181645000001385e-05
pead-2,0.0018611459696000004,3.181750000000143e-06,4.188799999999861e-06
