x,y,y-min,y-max
ad,2.72508480716,0.003093945999999903,0.006603393500000276
pead-0,2.73148065166,0.004342364249999786,0.004064449249999935
pead-1,2.6321475331600004,0.0028971032500004767,0.003980955249999862
pead-2,2.73391721266,0.0038337467500002553,0.0038794242499995413
