x,y,y-min,y-max
ad,0.0003696746002,1.1322400000000053e-06,1.4874425000000152e-06
pead-0,0.00036994831520000004,1.5841275000000907e-06,1.3315049999999655e-06
pead-1,0.0003277131802,1.0966724999999329e-06,1.158527500000079e-06
pead-2,0.0001246109752,4.1518499999999457e-07,5.388950000000158e-07
