x,y,y-min,y-max
ad,0.54681516604,0.0009003160000000676,0.0025834862500000444
pead-0,0.53745896104,0.0008647175000000562,0.0022528149999999636
pead-1,0.53802330754,0.0011694380000000226,0.002295535000000015
pead-2,0.51391975404,0.0012592645000000235,0.0027031360000000504
