x,y,y-min,y-max
ad,0.10573043146000001,0.0004446187500000004,0.000473510750000003
pead-0,0.10148670696,0.00046155874999999347,0.0003861245000000152
pead-1,0.10149589596000001,0.00043752475000000124,0.0004866092499999919
pead-2,0.10157179846000002,0.0005090714999999996,0.000545003500000002
