x,y,y-min,y-max
ad,0.03453877452000001,0.00025616575000000225,0.0005831584999999931
pead-0,0.03451988502,0.00022893400000000008,0.0006883614999999982
pead-1,0.03264179452,0.00022670924999999842,0.0006155392499999982
pead-2,0.01031508452,0.00014157100000000006,0.0007080477499999994
