{
  "results": [
    {
      "command": "taskset -c 0 ./pendulum-ad.jac.exe --seed 0 9819",
      "mean": 0.03469299088,
      "stddev": 0.00048811872909441625,
      "median": 0.03453877452000001,
      "user": 0.03277945000000002,
      "system": 0.0019184080000000008,
      "min": 0.033778869020000005,
      "max": 0.035918335020000004,
      "times": [
        0.03540262402,
        0.03430782502,
        0.03549932502000001,
        0.035392508020000005,
        0.033778869020000005,
        0.034378679020000004,
        0.035177705020000005,
        0.034143126020000004,
        0.03504904402,
        0.03428980502,
        0.035279343020000006,
        0.03444432002,
        0.035078594020000006,
        0.03428201402,
        0.035120637020000005,
        0.03431524902,
        0.035445281020000004,
        0.034284008020000006,
        0.03512582102,
        0.034219653020000004,
        0.03548405902000001,
        0.034531967020000005,
        0.035097485020000006,
        0.034254494020000005,
        0.03545626302,
        0.03431017302,
        0.03560726602000001,
        0.034095522020000005,
        0.034978314020000005,
        0.03422253202,
        0.034454648020000006,
        0.03428280702000001,
        0.03445263602,
        0.03444131602,
        0.035336728020000006,
        0.03420324602,
        0.035099731020000004,
        0.03447184902,
        0.034910595020000004,
        0.034747310020000005,
        0.035113439020000005,
        0.03435760202,
        0.035015843020000006,
        0.034032637020000006,
        0.03506358502,
        0.034072136020000005,
        0.03448047102000001,
        0.034201141020000006,
        0.03457606102000001,
        0.034338141020000004,
        0.03528332202,
        0.03420933502,
        0.03524456202,
        0.03437313502,
        0.035144513020000004,
        0.034165507020000006,
        0.03516694202,
        0.035300343020000007,
        0.035113072020000004,
        0.035127743020000005,
        0.03426801202,
        0.03499187002,
        0.03454816102,
        0.035028029020000004,
        0.03452754802000001,
        0.03448305102,
        0.035130064020000004,
        0.03429688002,
        0.03511903602,
        0.03430169402,
        0.034581920020000004,
        0.03448837802,
        0.034280678020000004,
        0.03454558202000001,
        0.03430441402000001,
        0.035240445020000004,
        0.034237081020000004,
        0.03526347902,
        0.03408933102,
        0.035008018020000004,
        0.03431250302,
        0.035263606020000005,
        0.034068221020000004,
        0.03537126102,
        0.034049263020000005,
        0.034345287020000004,
        0.03416980302000001,
        0.03461232202,
        0.03415955902,
        0.03523963102,
        0.03467384702,
        0.035918335020000004,
        0.034015847020000003,
        0.03510098702,
        0.03406640802,
        0.035027434020000005,
        0.03408310702,
        0.03517991002,
        0.034165891020000005,
        0.03490929202
      ],
      "exit_codes": [
        0,
        0,
        0,
        0,
        0,
        0,
        0,
        0,
        0,
        0,
        0,
        0,
        0,
        0,
        0,
        0,
        0,
        0,
        0,
        0,
        0,
        0,
        0,
        0,
        0,
        0,
        0,
        0,
        0,
        0,
        0,
        0,
        0,
        0,
        0,
        0,
        0,
        0,
        0,
        0,
        0,
        0,
        0,
        0,
        0,
        0,
        0,
        0,
        0,
        0,
        0,
        0,
        0,
        0,
        0,
        0,
        0,
        0,
        0,
        0,
        0,
        0,
        0,
        0,
        0,
        0,
        0,
        0,
        0,
        0,
        0,
        0,
        0,
        0,
        0,
        0,
        0,
        0,
        0,
        0,
        0,
        0,
        0,
        0,
        0,
        0,
        0,
        0,
        0,
        0,
        0,
        0,
        0,
        0,
        0,
        0,
        0,
        0,
        0,
        0
      ],
      "parameters": {
        "n": "ad"
      }
    },
    {
      "command": "taskset -c 0 ./pendulum-0.jac.exe --seed 0 9819",
      "mean": 0.034723807679999996,
      "stddev": 0.0005080962086508998,
      "median": 0.03451988502,
      "user": 0.03248443,
      "system": 0.0022345091999999996,
      "min": 0.03358368702,
      "max": 0.035831013020000003,
      "times": [
        0.03517540202,
        0.03434959102,
        0.03540466902,
        0.03418539702,
        0.035288428020000005,
        0.03451777402,
        0.034402195020000005,
        0.03545335102,
        0.03408552502000001,
        0.03512207002000001,
        0.034203660020000005,
        0.03531264102,
        0.035312592020000005,
        0.03413669802,
        0.035083199020000004,
        0.034410514020000005,
        0.035207645020000004,
        0.03421384702000001,
        0.03456053002,
        0.034499882020000004,
        0.03403458602000001,
        0.03424524802,
        0.03429176802,
        0.035440690020000006,
        0.03438652402,
        0.034881604020000005,
        0.03411250802,
        0.035269881020000005,
        0.03434006802,
        0.03491393902000001,
        0.034345019020000006,
        0.03438256002,
        0.03414449202000001,
        0.03461965202,
        0.03437066902,
        0.03566198502,
        0.03434496302,
        0.03523069202,
        0.034355054020000005,
        0.03511770102,
        0.03443298602,
        0.03497340002,
        0.03439815802000001,
        0.035033408020000004,
        0.03461959102000001,
        0.035085992020000005,
        0.03424897702,
        0.035312380020000006,
        0.03423016202,
        0.035831013020000003,
        0.035398582020000006,
        0.03547535902000001,
        0.03521438802,
        0.03424806702,
        0.03516891602,
        0.034622706020000005,
        0.03433564002,
        0.035166909020000005,
        0.03414938202,
        0.035403526020000006,
        0.034348883020000005,
        0.03538341702,
        0.03407252402,
        0.03546511102,
        0.03428850002,
        0.03510086602,
        0.034141541020000006,
        0.034978512020000005,
        0.034386374020000006,
        0.034997230020000006,
        0.03437268602,
        0.03358368702,
        0.03428183002,
        0.035336862020000005,
        0.03422835702,
        0.03509206102,
        0.034257173020000004,
        0.035337865020000005,
        0.03463817702,
        0.03521005102,
        0.03452199602,
        0.03522611802,
        0.034170242020000005,
        0.035603948020000005,
        0.03445654302,
        0.03506315102,
        0.033973515020000004,
        0.035362887020000004,
        0.03426741702,
        0.03498783702,
        0.034137457020000005,
        0.034454033020000004,
        0.03437442502,
        0.034383858020000005,
        0.034463442020000006,
        0.03530832502,
        0.034166168020000005,
        0.035203676020000005,
        0.03450816402,
        0.03548110202
      ],