{
  "results": [
    {
      "command": "taskset -c 0 ./cauer_10-ad.exe --output-only-last --step-size 1 --rtol 1.e-5 --atol 1.e-7 --interval 10000",
      "mean": 1.3784924600000001,
      "stddev": 0.00719666773678999,
      "median": 1.3766316824,
      "user": 1.375278730000001,
      "system": 0.003201605599999998,
      "min": 1.3697468994,
      "max": 1.4230927634000001,
      "times": [
        1.3850705964,
        1.3736934144,
        1.3760640274,
        1.3806866034,
        1.3877001804,
        1.3725928244,
        1.3771649674,
        1.3735830774,
        1.3734415724,
        1.3775670824,
        1.3724644804000001,
        1.3915897824,
        1.3742545983999999,
        1.3727749664,
        1.3759306584,
        1.3742942494000001,
        1.3793324784,
        1.3720254994,
        1.3738907884,
        1.3786072554,
        1.3755903404,
        1.3841124063999999,
        1.3823157994,
        1.3735654124,
        1.3798024253999999,
        1.3890046223999999,
        1.3727251174,
        1.3747726974,
        1.3758026834,
        1.3734184344,
        1.3726384534,
        1.3745492834,
        1.3777648774,
        1.3771621684,
        1.3754742324,
        1.3755322254,
        1.3715439074,
        1.3712468574,
        1.3777173344,
        1.3847882484,
        1.3724074684,
        1.3730045134,
        1.3754991004,
        1.3862736124000001,
        1.3935814774,
        1.3756292464,
        1.3711746063999999,
        1.3700786874,
        1.3772469874,
        1.3697468994,
        1.3825421844,
        1.3790423074,
        1.3773756464,
        1.3714109744,
        1.3804951374,
        1.3737990274,
        1.3704865424000001,
        1.3744559394,
        1.3734945294,
        1.3752820834000001,
        1.3858052434,
        1.3789890584,
        1.3794162874,
        1.3850023314,
        1.3906775124,
        1.3922259104,
        1.3825252744,
        1.3738226094,
        1.3795060594,
        1.3766501164,
        1.3778337484,
        1.3871696444000001,
        1.3769355894,
        1.3720927904,
        1.3704677144,
        1.3837002404,
        1.3822949694,
        1.4230927634000001,
        1.3757721374,
        1.3837499844,
        1.3772509754,
        1.3809017954,
        1.3849850034,
        1.3823103474,
        1.3863892764,
        1.3900805744,
        1.3761117584,
        1.3748414264,
        1.3862001214,
        1.3757836544,
        1.3794532313999999,
        1.3766132484,
        1.3775189494,
        1.3873239054,
        1.3749626414,
        1.3748747024,
        1.3710387434,
        1.3737311904,
        1.3795289674,
        1.3763319014
      ],
      "exit_codes": [
        0,
        0,
        0,
        0,
        0,
        0,
        0,
        0,
        0,
        0,
        0,
        0,
        0,
        0,
        0,
        0,
        0,
        0,
        0,
        0,
        0,
        0,
        0,
        0,
        0,
        0,
        0,
        0,
        0,
        0,
        0,
        0,
        0,
        0,
        0,
        0,
        0,
        0,
        0,
        0,
        0,
        0,
        0,
        0,
        0,
        0,
        0,
        0,
        0,
        0,
        0,
        0,
        0,
        0,
        0,
        0,
        0,
        0,
        0,
        0,
        0,
        0,
        0,
        0,
        0,
        0,
        0,
        0,
        0,
        0,
        0,
        0,
        0,
        0,
        0,
        0,
        0,
        0,
        0,
        0,
        0,
        0,
        0,
        0,
        0,
        0,
        0,
        0,
        0,
        0,
        0,
        0,
        0,
        0,
        0,
        0,
        0,
        0,
        0,
        0
      ],
      "parameters": {
        "n": "ad"
      }
    },
    {
      "command": "taskset -c 0 ./cauer_10-0.exe --output-only-last --step-size 1 --rtol 1.e-5 --atol 1.e-7 --interval 10000",
      "mean": 1.3655863026900006,
      "stddev": 0.006769818869147468,
      "median": 1.3638787958999998,
      "user": 1.3623493399999997,
      "system": 0.0032268998000000004,
      "min": 1.3584060614,
      "max": 1.4122818974,
      "times": [
        1.3646219934000001,
        1.3622949644,
        1.3664804034,
        1.3629095923999999,
        1.3609135023999999,
        1.3635218054,
        1.3632561284,
        1.3686010744,
        1.3627301494,
        1.3630373824,
        1.3654779274,
        1.3599426883999999,
        1.3639091014,
        1.3630690834,
        1.3716914733999999,
        1.3716169554,
        1.3638819044,
        1.3639762064,
        1.3627094664000001,
        1.3624344424000001,
        1.3716609074,
        1.3603087364,
        1.3639589243999999,
        1.3620430574,
        1.3686805014,
        1.3621111103999999,
        1.3647612244,
        1.3611371064,
        1.3654909004,
        1.3607697144,
        1.3626033244,
        1.3740508964,
        1.3796327674,
        1.3621695604,
        1.3646421484,
        1.3687138224,
        1.3652082854,
        1.3705507514,
        1.3734103013999999,
        1.3614484224,
        1.3617076964,
        1.3717835794,
        1.3727766504,
        1.3804521744,
        1.3663051704,
        1.3636977524,
        1.3623953694,
        1.3861816764000001,
        1.3643738384,
        1.3606232364,
        1.3689023794,
        1.3705243424,
        1.3662034934,
        1.3645976734,
        1.3626325984,
        1.3607816054,
        1.3696579714000001,
        1.3648538874,
        1.3616750994,
        1.3608024694,
        1.3612519044,
        1.3654662294,
        1.3634870104,
        1.3636248204,
        1.3638756874,
        1.3614403354,
        1.3650817264,
        1.3614501384,
        1.3613135864,
        1.3653699694,
        1.3678519084,
        1.3609032634,
        1.3611213634000001,
        1.3611351494,
        1.3674225464,
        1.3618489574,
        1.3643444994,
        1.3780431864,
        1.3715514164,
        1.3640165504,
        1.3620171044,
        1.3659597454,
        1.3620286114,
        1.3648028524,
        1.3650344344,
        1.3584060614,
        1.4122818974,
        1.3635975474,
        1.3716445044,
        1.3595676214,
        1.3614590224,
        1.3593676474,
        1.3669493504,
        1.3622807894,
        1.3690827904,
        1.3624815764,
        1.3623374494,
        1.3668614974,
        1.3617107484,
        1.3588013964
      ],
      "exit_codes": [
        0,
        0,
        0,
        0,
        0,
        0,
        0,
        0,
        0,
        0,
        0,
        0,
        0,
        0,
        0,
        0,
        0,
        0,
        0,
        0,
        0,
        0,
        0,
        0,
        0,
        0,
        0,
        0,
        0,
        0,
        0,
        0,
        0,
        0,
        0,
        0,
        0,
        0,
        0,
        0,
        0,
        0,
        0,
        0,
        0,
        0,
        0,
        0,
        0,
        0,
        0,
        0,
        0,
        0,
        0,
        0,
        0,
        0,
        0,
        0,
        0,
        0,
        0,
        0,
        0,
        0,
        0,
        0,
        0,
        0,
        0,
        0,
        0,
        0,
        0,
        0,
        0,
        0,
        0,
        0,
        0,
        0,
        0,
        0,
        0,
        0,
        0,
        0,
        0,
        0,
        0,
        0,
        0,
        0,
        0,
        0,
        0,
        0,
        0,
        0
      ],
      "parameters": {
        "n": "0"
      }
    },
    {
      "command": "taskset -c 0 ./cauer_10-1.exe --output-only-last --step-size 1 --rtol 1.e-5 --atol 1.e-7 --interval 10000",
      "mean": 1.3927066712100002,
      "stddev": 0.004058791324946779,
      "median": 1.3917941489,
      "user": 1.3895065300000002,