{
  "results": [
    {
      "command": "taskset -c 0 ./cauer_10-ad.res.exe --seed 0 106541",
      "mean": 0.25499202883,
      "stddev": 0.0018830059681481143,
      "median": 0.25486672706,
      "user": 0.25248149999999997,
      "system": 0.0025053356,
      "min": 0.25166940656000003,
      "max": 0.26143251956,
      "times": [
        0.25591738356,
        0.25388051056,
        0.25510276956,
        0.25454280756000003,
        0.25404753756,
        0.25889813556,
        0.25560611356,
        0.25343173156,
        0.25630055656,
        0.25401925056,
        0.25366477556,
        0.25277698456000003,
        0.25493439956,
        0.25496094656,
        0.26143251956,
        0.25320898756,
        0.25501365356,
        0.25332153456,
        0.25333853956,
        0.25294197056,
        0.25751858756,
        0.25315864456000003,
        0.25503699356,
        0.25269074356,
        0.25621829456,
        0.25505536256,
        0.25474347656,
        0.25627548756,
        0.25479476156,
        0.25325502556,
        0.25565786156000003,
        0.25827102056,
        0.25621620856,
        0.25296374856,
        0.25296249156,
        0.25268022456,
        0.25290934456,
        0.25767705756000003,
        0.25301916956000003,
        0.25412798256,
        0.25573858156,
        0.25610756556000003,
        0.25267357856,
        0.25516272856,
        0.25589177556000003,
        0.25433609956000003,
        0.25308066056,
        0.25646894256,
        0.25791774156,
        0.25405092156000003,
        0.25491998556,
        0.25528354256,
        0.25585920856,
        0.25732652456,
        0.25332396756000003,
        0.25743171656,
        0.25410817856,
        0.25804878056,
        0.25454151656,
        0.25968166956,
        0.25807519056,
        0.25331728556,
        0.25307593756,
        0.25412847056,
        0.25725481556,
        0.25418864956,
        0.25459488156,
        0.25369153856,
        0.25290913056000003,
        0.25607684856,
        0.25348865556,
        0.25463440256000003,
        0.26094129056,
        0.25284082156,
        0.25326703056,
        0.25762839656000003,
        0.25325124156,
        0.25720323756,
        0.25498764256,
        0.25489546956000003,
        0.25365845256,
        0.25237552356,
        0.25485791956000003,
        0.25555130656,
        0.25719842256000003,
        0.25575395156,
        0.25381754656,
        0.25530571456,
        0.25613266756,
        0.25562285956,
        0.25494682956000003,
        0.25487553456,
        0.25374582056,
        0.25349887456000003,
        0.25545565856,
        0.25277013556,
        0.25549218756000003,
        0.25677483656,
        0.25472101556,
        0.25166940656000003
      ],
      "exit_codes": [
        0,
        0,
        0,
        0,
        0,
        0,
        0,
        0,
        0,
        0,
        0,
        0,
        0,
        0,
        0,
        0,
        0,
        0,
        0,
        0,
        0,
        0,
        0,
        0,
        0,
        0,
        0,
        0,
        0,
        0,
        0,
        0,
        0,
        0,
        0,
        0,
        0,
        0,
        0,
        0,
        0,
        0,
        0,
        0,
        0,
        0,
        0,
        0,
        0,
        0,
        0,
        0,
        0,
        0,
        0,
        0,
        0,
        0,
        0,
        0,
        0,
        0,
        0,
        0,
        0,
        0,
        0,
        0,
        0,
        0,
        0,
        0,
        0,
        0,
        0,
        0,
        0,
        0,
        0,
        0,
        0,
        0,
        0,
        0,
        0,
        0,
        0,
        0,
        0,
        0,
        0,
        0,
        0,
        0,
        0,
        0,
        0,
        0,
        0,
        0
      ],
      "parameters": {
        "n": "ad"
      }
    },
    {
      "command": "taskset -c 0 ./cauer_10-0.res.exe --seed 0 106541",
      "mean": 0.2503595251,
      "stddev": 0.0017781528084431352,
      "median": 0.24988973006,
      "user": 0.24778869,
      "system": 0.0025692556,
      "min": 0.24771791956,
      "max": 0.25665188356,
      "times": [
        0.24919236156000002,
        0.24917664556000002,
        0.25665188356,
        0.24985678856,
        0.24844192256,
        0.25201618156,
        0.24961097556,
        0.24934659256000002,
        0.24917604056000003,
        0.24856135456,
        0.24973806456000003,
        0.25268720556,
        0.25385845256,
        0.24957400556000003,
        0.24890718956000002,
        0.24894764156,
        0.25060555556,
        0.24920333756000002,
        0.24994510356,
        0.24971949156,
        0.24917729556,
        0.25070707856,
        0.24861186056,
        0.24961800356000002,
        0.25094481656,
        0.25021449356000003,
        0.24901043856,
        0.25104375556,
        0.25294724156,
        0.25037828456,
        0.25054361256,
        0.25461838356,
        0.24946553856000003,
        0.24865496156,
        0.24887447056,
        0.24999758956,
        0.24941824756000003,
        0.25129237656000003,
        0.24857897656,
        0.24893521556000003,
        0.25421221456,
        0.24851740156000002,
        0.24908335156,
        0.25245481756,
        0.25325127456,
        0.24814628956,
        0.24850914456,
        0.24930446956000002,
        0.24839471756,
        0.25406959456,
        0.25072004556,
        0.25220914956,
        0.24878792855999998,
        0.24973491356,
        0.25103697856,
        0.25147945356,
        0.24998513956,
        0.25049561656,
        0.24989432256,
        0.24905255156,
        0.24903256456,
        0.24955831456,
        0.25242181956,
        0.25077649856,
        0.24885363055999998,
        0.25168857156,
        0.24860962856000002,
        0.25396751356,
        0.25140965656,
        0.25049093556,
        0.24839238256,
        0.25454067956,
        0.25025625856,
        0.25356337356,
        0.24905384256000002,
        0.25070788756,
        0.25004876956,
        0.24771791956,
        0.25155461656,
        0.25023761856,
        0.24874649656,
        0.25275512456,
        0.25208390656,
        0.24890145955999998,
        0.24877765356000003,
        0.24974320556000001,
        0.24863050356,
        0.25010550056,
        0.25080623456,
        0.25181002156,
        0.25191262656,
        0.25093662956,
        0.24924015055999998,
        0.25238430756,
        0.25251412056,
        0.24895243656,
        0.24820263256,
        0.24798658256,
        0.24988513756000003,
        0.25110648656
      ],
      "exit_codes": [
        0,
        0,
        0,
        0,
        0,
        0,
        0,
        0,
        0,
        0,
        0,
        0,
        0,
        0,
        0,
        0,
        0,
        0,
        0,
        0,
        0,
        0,
        0,
        0,
        0,
        0,
        0,
        0,
        0,
        0,
        0,
        0,
        0,
        0,
        0,
        0,
        0,
        0,
        0,
        0,
        0,
        0,
        0,
        0,
        0,
        0,
        0,
        0,
        0,
        0,
        0,
        0,
        0,
        0,
        0,
        0,
        0,
        0,
        0,
        0,
        0,
        0,
        0,
        0,
        0,
        0,
        0,
        0,
        0,
        0,
        0,
        0,
        0,
        0,
        0,
        0,
        0,
        0,
        0,
        0,
        0,
        0,
        0,
        0,
        0,
        0,
        0,
        0,
        0,
        0,
        0,
        0,
        0,
        0,
        0,
        0,
        0,
        0,
        0,
        0
      ],
      "parameters": {
        "n": "0"
      }
    },
    {
      "command": "taskset -c 0 ./cauer_10-1.res.exe --seed 0 106541",