{
  "results": [
    {
      "command": "taskset -c 0 ./cauer_10-ad.jac.exe --seed 0 2300",
      "mean": 0.03699152829999999,
      "stddev": 0.00026770440724007365,
      "median": 0.03696746002,
      "user": 0.034698359999999984,
      "system": 0.0023805219999999995,
      "min": 0.03608404802,
      "max": 0.03804981502,
      "times": [
        0.036709692020000004,
        0.03675968702,
        0.03752038202,
        0.03714175002,
        0.03677032902,
        0.03692188902,
        0.03691562802,
        0.03672053202,
        0.03729263702,
        0.03750258602,
        0.03706214302,
        0.03708235302,
        0.037072367020000004,
        0.03804981502,
        0.036503378020000005,
        0.03687807402,
        0.03708303502,
        0.03673543102,
        0.036799163020000004,
        0.03732960602,
        0.036983671020000004,
        0.03700722402,
        0.03721638602,
        0.03692900902,
        0.03670697702,
        0.03725556202,
        0.036976751020000004,
        0.03717580102,
        0.037048505020000004,
        0.03693937102,
        0.037262621020000004,
        0.03682467902,
        0.03711281302,
        0.03696115902,
        0.03686021502,
        0.03692894302,
        0.03707091102,
        0.03661994402,
        0.03692006902,
        0.03721915902,
        0.03711031002,
        0.037040292020000004,
        0.03694810202,
        0.036886236020000004,
        0.03747257902,
        0.037429635020000004,
        0.03686261702,
        0.03709677502,
        0.037493453020000005,
        0.03694593302,
        0.03656281502,
        0.03699953602,
        0.036656842020000004,
        0.03700906502,
        0.03706637002,
        0.03683521202,
        0.03694387702,
        0.036964359020000004,
        0.036621128020000004,
        0.03686128602,
        0.03710745402,
        0.03714908102,
        0.03693948802,
        0.03684316002,
        0.03681806202,
        0.03705047902,
        0.03713983902,
        0.03690140802,
        0.03660518402,
        0.03688204902,
        0.037107827020000005,
        0.037127944020000005,
        0.03729170502,
        0.03702141802,
        0.03715265302,
        0.03678190002,
        0.037553292020000004,
        0.03678065702,
        0.03698062802,
        0.03687358602,
        0.03692302802,
        0.03678886002,
        0.03724945002,
        0.03712637802,
        0.03683284002,
        0.03706427502,
        0.03697056102,
        0.03709972202,
        0.03685792802,
        0.03693003202,
        0.036836656020000004,
        0.037329050020000004,
        0.03690618602,
        0.037258970020000004,
        0.03695997302,
        0.03718754102,
        0.036316735020000004,
        0.03658426702,
        0.03608404802,
        0.037061845020000005
      ],
      "exit_codes": [
        0,
        0,
        0,
        0,
        0,
        0,
        0,
        0,
        0,
        0,
        0,
        0,
        0,
        0,
        0,
        0,
        0,
        0,
        0,
        0,
        0,
        0,
        0,
        0,
        0,
        0,
        0,
        0,
        0,
        0,
        0,
        0,
        0,
        0,
        0,
        0,
        0,
        0,
        0,
        0,
        0,
        0,
        0,
        0,
        0,
        0,
        0,
        0,
        0,
        0,
        0,
        0,
        0,
        0,
        0,
        0,
        0,
        0,
        0,
        0,
        0,
        0,
        0,
        0,
        0,
        0,
        0,
        0,
        0,
        0,
        0,
        0,
        0,
        0,
        0,
        0,
        0,
        0,
        0,
        0,
        0,
        0,
        0,
        0,
        0,
        0,
        0,
        0,
        0,
        0,
        0,
        0,
        0,
        0,
        0,
        0,
        0,
        0,
        0,
        0
      ],
      "parameters": {
        "n": "ad"
      }
    },
    {
      "command": "taskset -c 0 ./cauer_10-0.jac.exe --seed 0 2300",
      "mean": 0.03699601494,
      "stddev": 0.0002087038600139945,
      "median": 0.03699483152,
      "user": 0.034886280000000006,
      "system": 0.0022101439999999994,
      "min": 0.03650799902,
      "max": 0.03757414302,
      "times": [
        0.03681871802,
        0.03689225602,
        0.036719579020000004,
        0.037135526020000004,
        0.03691031802,
        0.03705490902,
        0.037115355020000004,
        0.03685386302,
        0.036914817020000004,
        0.03681590002,
        0.03728600002,
        0.03724370002,
        0.03672836002,
        0.036715728020000005,
        0.03733583102,
        0.03706529402,
        0.03650799902,
        0.03715411902,
        0.037069544020000005,
        0.03713779802,
        0.037439140020000004,
        0.03680287702,
        0.03700481102,
        0.03731661602,
        0.03695599102,
        0.03678786402,
        0.03757414302,
        0.03712048802,
        0.03717971802,
        0.03703798002,
        0.037128393020000004,
        0.03685923602,
        0.03692518402,
        0.03705231702,
        0.036604308020000004,
        0.03698130702,
        0.03666259602,
        0.036915923020000005,
        0.037123950020000004,
        0.03709505702,
        0.03697310002,
        0.03745827902,
        0.03695494202,
        0.037028585020000004,
        0.03716499502,
        0.03693157002,
        0.03719669602,
        0.03708484702,
        0.03704419702,
        0.036961511020000004,
        0.03690990602,
        0.03713504602,
        0.03744011002,
        0.036997895020000005,
        0.03699655502,
        0.036964780020000004,
        0.03654623902,
        0.037253089020000005,
        0.03679959202,
        0.03725748602,
        0.03672973102,
        0.03680125202,
        0.03712784502,
        0.03729831402,
        0.03674505702,
        0.03733481902,
        0.03694257502,
        0.03710644602,
        0.03677854802,
        0.037087026020000004,
        0.037031816020000004,
        0.03681958202,
        0.03715960002,
        0.03680229202,
        0.03725088402,
        0.03675462302,
        0.037072353020000004,
        0.03680958202,
        0.03664407702,
        0.03680435102,
        0.03716586702,
        0.03699310802,
        0.03686362002,
        0.03684468202,
        0.03692460602,
        0.03664740702,
        0.03684203102,
        0.03695469302,
        0.03684895902,
        0.037073775020000005,
        0.036754540020000004,
        0.03696128002,
        0.03681718002,
        0.03700709102,
        0.037023630020000003,
        0.037091335020000005,
        0.03714131702,
        0.03732300702,
        0.03709284602,
        0.03698681202
      ],
      "exit_codes": [
        0,
        0,
        0,
        0,
        0,
        0,
        0,
        0,
        0,
        0,
        0,
        0,
        0,
        0,
        0,
        0,
        0,
        0,
        0,
        0,
        0,
        0,
        0,
        0,
        0,
        0,
        0,
        0,
        0,
        0,
        0,
        0,
        0,
        0,
        0,
        0,
        0,
        0,
        0,
        0,
        0,
        0,
        0,
        0,
        0,
        0,
        0,
        0,
        0,
        0,
        0,
        0,
        0,
        0,
        0,
        0,
        0,
        0,
        0,
        0,
        0,
        0,
        0,
        0,
        0,
        0,
        0,
        0,
        0,
        0,
        0,
        0,
        0,
        0,
        0,
        0,
        0,
        0,
        0,
        0,
        0,
        0,
        0,
        0,
        0,
        0,
        0,
        0,
        0,
        0,
        0,
        0,
        0,
        0,
        0,
        0,
        0,
        0,
        0,
        0
      ],