{
  "results": [
    {
      "command": "taskset -c 0 ./pendulum-ad.res.exe --seed 0 231687",
      "mean": 0.10627198734000003,
      "stddev": 0.0016045934146881643,
      "median": 0.10573043146000001,
      "user": 0.10427190999999997,
      "system": 0.0020157124000000004,
      "min": 0.10452439096000002,
      "max": 0.11106473896,
      "times": [
        0.10542061996000002,
        0.10597888896000002,
        0.10942830396000001,
        0.10883962796000002,
        0.10482220596000001,
        0.11020930496000002,
        0.10488811796000001,
        0.10591820196000001,
        0.10595987396,
        0.10576500096000001,
        0.10532744196000002,
        0.10597151296000001,
        0.10544560096000001,
        0.10480939096000001,
        0.10540125696000001,
        0.10602233396,
        0.10599096996000001,
        0.10941094796000002,
        0.10562779096000001,
        0.10548742296000001,
        0.10481116896,
        0.10524113496000001,
        0.10452439096000002,
        0.10608230896000001,
        0.10968369696000001,
        0.10477433896000002,
        0.10589026496000001,
        0.10572597896000001,
        0.10514288096000002,
        0.10515924696000001,
        0.10575437496000001,
        0.10473937296000001,
        0.10574734396000002,
        0.10870205496000002,
        0.10496191496000001,
        0.10556118996000001,
        0.10553610496000002,
        0.10691328696,
        0.10534606596000001,
        0.10573488396000001,
        0.10528952096000001,
        0.10498966596,
        0.10608258296000002,
        0.10502125396000002,
        0.10486963696000001,
        0.10569818996000001,
        0.10481422296000001,
        0.10539102696000001,
        0.10527468796000002,
        0.10534032596000001,
        0.10547630796000002,
        0.10473825496000001,
        0.10594114896000001,
        0.10573565496000001,
        0.10607100096000001,
        0.10503440596000001,
        0.10654251096000002,
        0.10610239496000001,
        0.10545917096000001,
        0.10925467796000002,
        0.10624726296000002,
        0.10566952296000001,
        0.10502585196000001,
        0.10492501696,
        0.10778063196000001,
        0.11001776096000002,
        0.10619152896000002,
        0.10764614096000001,
        0.10549589296000002,
        0.10879430696000002,
        0.10587915896000001,
        0.10616659996000001,
        0.10593519896000002,
        0.10542958696000002,
        0.10600009496000001,
        0.10688757996,
        0.10928630696000001,
        0.10587042296000002,
        0.10624118196000001,
        0.10539729296000001,
        0.10604670196000002,
        0.10514008496000002,
        0.10495222196000001,
        0.10536732396000001,
        0.10904054096000002,
        0.10543843796,
        0.10939301796000002,
        0.10495056696000002,
        0.10564038996000001,
        0.10710501896,
        0.10603762796,
        0.10968988796000001,
        0.10961825896,
        0.10565619396,
        0.11041557096000001,
        0.10501807296000001,
        0.10513020196000002,
        0.10908360996000001,
        0.11106473896,
        0.10563945796000002
      ],
      "exit_codes": [
        0,
        0,
        0,
        0,
        0,
        0,
        0,
        0,
        0,
        0,
        0,
        0,
        0,
        0,
        0,
        0,
        0,
        0,
        0,
        0,
        0,
        0,
        0,
        0,
        0,
        0,
        0,
        0,
        0,
        0,
        0,
        0,
        0,
        0,
        0,
        0,
        0,
        0,
        0,
        0,
        0,
        0,
        0,
        0,
        0,
        0,
        0,
        0,
        0,
        0,
        0,
        0,
        0,
        0,
        0,
        0,
        0,
        0,
        0,
        0,
        0,
        0,
        0,
        0,
        0,
        0,
        0,
        0,
        0,
        0,
        0,
        0,
        0,
        0,
        0,
        0,
        0,
        0,
        0,
        0,
        0,
        0,
        0,
        0,
        0,
        0,
        0,
        0,
        0,
        0,
        0,
        0,
        0,
        0,
        0,
        0,
        0,
        0,
        0,
        0
      ],
      "parameters": {
        "n": "ad"
      }
    },
    {
      "command": "taskset -c 0 ./pendulum-0.res.exe --seed 0 231687",
      "mean": 0.10182541328000003,
      "stddev": 0.0014407303776689728,
      "median": 0.10148670696,
      "user": 0.09962065999999993,
      "system": 0.0022080913999999994,
      "min": 0.10031411996000002,
      "max": 0.11027748596000002,
      "times": [
        0.10057003196000001,
        0.10155078796000001,
        0.10503696096000001,
        0.10426395296000002,
        0.10039807096000002,
        0.10085826596000001,
        0.10065077696000001,
        0.10175739096000001,
        0.10135571396000001,
        0.10152600196000001,
        0.10189467296000002,
        0.10106460896000001,
        0.10157354596000001,
        0.10130467196000001,
        0.10116096596000002,
        0.10200853696,
        0.10113138896000001,
        0.10100467496000001,
        0.10141847296,
        0.10106171796,
        0.11027748596000002,
        0.10179400096,
        0.10183511696000001,
        0.10173311796000001,
        0.10129048496000001,
        0.10189171796000002,
        0.10323649496000001,
        0.10157467996000001,
        0.10147480196000001,
        0.10487998396,
        0.10558419396000002,
        0.10088401296,
        0.10099148296000002,
        0.10094788496000001,
        0.10091688696000001,
        0.10417022796000001,
        0.10154741996000001,
        0.10146487896000002,
        0.10122904296000002,
        0.10139975596000002,
        0.10173920296000001,
        0.10100551096000002,
        0.10150204296000001,
        0.10081546696000002,
        0.10167639996000001,
        0.10308742596,
        0.10086820996000001,
        0.10224702496000002,
        0.10104970396000001,
        0.10231965096000001,
        0.10202422396000001,
        0.10031411996000002,
        0.10168744396000001,
        0.10086823096000001,
        0.10106125396000001,
        0.10136965396000001,
        0.10121293596000001,
        0.10267688196000001,
        0.10065553796000001,
        0.10158599896,
        0.10129502596,
        0.10238297596000001,
        0.10124277496000002,
        0.10347614996000001,
        0.10155935896000001,
        0.10186653596000002,
        0.10212770496000001,
        0.10127183696000001,
        0.10139567596000001,
        0.10112704596000001,
        0.10077174096000001,
        0.10165471196000002,
        0.10208640896000001,
        0.10155699996000002,
        0.10103169396000002,
        0.10078733196000002,
        0.10480542596000002,
        0.10091677396000001,
        0.10176600796000002,
        0.10078125796000001,
        0.10190965796000001,
        0.10095384696000001,
        0.10107875596000002,
        0.10556302096000002,
        0.10174080896000001,
        0.10453638396,
        0.10184530796,
        0.10089990996,
        0.10166961096000002,
        0.10299343496000002,
        0.10062361296000001,
        0.10149861196000001,
        0.10163811696000001,
        0.10129051096000001,
        0.10064700396000001,
        0.10110993196000001,
        0.10057705296000001,
        0.10070154296000002,
        0.10176577496000001,
        0.10511318396000001
      ],