{
  "results": [
    {
      "command": "taskset -c 0 ./pendulum-ad.exe --output-only-last --step-size 1 --rtol 1.e-5 --atol 1.e-7 --interval 10000",
      "mean": 0.5481387050600002,
      "stddev": 0.0037612024991527976,
      "median": 0.54681516604,
      "user": 0.5447985499999999,
      "system": 0.0033305084000000013,
      "min": 0.54463026954,
      "max": 0.56793034354,
      "times": [
        0.5446927395400001,
        0.5461895665400001,
        0.5459947645400001,
        0.54524680554,
        0.54773717454,
        0.54682782454,
        0.5457562245400001,
        0.55278819554,
        0.5498210385400001,
        0.55109298254,
        0.54680250754,
        0.5616570995400001,
        0.54608573754,
        0.5487441765400001,
        0.54666088254,
        0.54584391554,
        0.5477218865400001,
        0.5458265895400001,
        0.5485268415400001,
        0.54580094154,
        0.56793034354,
        0.55058531554,
        0.5471237615400001,
        0.5460093435400001,
        0.54691031054,
        0.56240640554,
        0.54831226454,
        0.54491748054,
        0.54867262854,
        0.55453272154,
        0.54492899054,
        0.55099039754,
        0.55068949154,
        0.54475340254,
        0.5564823815400001,
        0.54957840554,
        0.5460994315400001,
        0.5500670335400001,
        0.54479749854,
        0.5513753355400001,
        0.55021314054,
        0.54658811754,
        0.54509122954,
        0.54863258254,
        0.54604151154,
        0.5451782335400001,
        0.54647978954,
        0.55120033654,
        0.5464033085400001,
        0.5452946925400001,
        0.54613762154,
        0.54901854054,
        0.5465998105400001,
        0.54557377454,
        0.54495755654,
        0.5458420285400001,
        0.54647641954,
        0.54582389854,
        0.54463026954,
        0.54757973954,
        0.5467807035400001,
        0.5476148765400001,
        0.54618544354,
        0.5500857115400001,
        0.54690389054,
        0.54951117754,
        0.54752822254,
        0.54706810054,
        0.54842381454,
        0.54592427154,
        0.54698186654,
        0.54537087754,
        0.54618550054,
        0.5488093135400001,
        0.5552319585400001,
        0.5454588005400001,
        0.54939345354,
        0.54605447454,
        0.5481282415400001,
        0.54698002654,
        0.55453388354,
        0.54842973854,
        0.54568004254,
        0.54906623154,
        0.54473631454,
        0.54859319254,
        0.5463671745400001,
        0.54667940354,
        0.5464242245400001,
        0.54588658554,
        0.5504892785400001,
        0.5457492245400001,
        0.54963454454,
        0.54663427354,
        0.55115779354,
        0.54643568554,
        0.55129484654,
        0.54490502454,
        0.54639462854,
        0.54941424854
      ],
      "exit_codes": [
        0,
        0,
        0,
        0,
        0,
        0,
        0,
        0,
        0,
        0,
        0,
        0,
        0,
        0,
        0,
        0,
        0,
        0,
        0,
        0,
        0,
        0,
        0,
        0,
        0,
        0,
        0,
        0,
        0,
        0,
        0,
        0,
        0,
        0,
        0,
        0,
        0,
        0,
        0,
        0,
        0,
        0,
        0,
        0,
        0,
        0,
        0,
        0,
        0,
        0,
        0,
        0,
        0,
        0,
        0,
        0,
        0,
        0,
        0,
        0,
        0,
        0,
        0,
        0,
        0,
        0,
        0,
        0,
        0,
        0,
        0,
        0,
        0,
        0,
        0,
        0,
        0,
        0,
        0,
        0,
        0,
        0,
        0,
        0,
        0,
        0,
        0,
        0,
        0,
        0,
        0,
        0,
        0,
        0,
        0,
        0,
        0,
        0,
        0,
        0
      ],
      "parameters": {
        "n": "ad"
      }
    },
    {
      "command": "taskset -c 0 ./pendulum-0.exe --output-only-last --step-size 1 --rtol 1.e-5 --atol 1.e-7 --interval 10000",
      "mean": 0.53875276351,
      "stddev": 0.0040943359241051094,
      "median": 0.53745896104,
      "user": 0.5356958599999997,
      "system": 0.0030815540000000002,
      "min": 0.53437758554,
      "max": 0.5671970565400001,
      "times": [
        0.53840065754,
        0.53765677854,
        0.5433489355400001,
        0.53594110354,
        0.5393028575400001,
        0.53685085154,
        0.53667286554,
        0.53534624154,
        0.5445268225400001,
        0.53646450054,
        0.53584088454,
        0.53670392554,
        0.54167234954,
        0.5366364625400001,
        0.53812647554,
        0.53627722054,
        0.54471793154,
        0.5378460485400001,
        0.5360061365400001,
        0.5363083215400001,
        0.53868004254,
        0.53969607954,
        0.54134704654,
        0.54023263454,
        0.5380977825400001,
        0.53583293154,
        0.54246654454,
        0.53894344454,
        0.5362115835400001,
        0.54167452054,
        0.53767456254,
        0.5363916225400001,
        0.53796564154,
        0.53599263454,
        0.5424215185400001,
        0.5356798835400001,
        0.5358709945400001,
        0.5377029925400001,
        0.5367195275400001,
        0.5372550085400001,
        0.5378133955400001,
        0.5397588655400001,
        0.54227495354,
        0.5356496685400001,
        0.5367055565400001,
        0.5374381865400001,
        0.53730149254,
        0.53766263954,
        0.54163324654,
        0.53774010754,
        0.5438008765400001,
        0.5453444995400001,
        0.53716433154,
        0.53628767554,
        0.5371776365400001,
        0.54253119054,
        0.54030062554,
        0.54280457254,
        0.53666914454,
        0.55346243454,
        0.53645410754,
        0.5368113425400001,
        0.53636615954,
        0.53824230254,
        0.54271050454,
        0.5355206505400001,
        0.5395709495400001,
        0.53699329754,
        0.54098277054,
        0.5671970565400001,
        0.5365207615400001,
        0.54203679754,
        0.53707924754,
        0.5372588995400001,
        0.5431231145400001,
        0.53672831954,
        0.53573441954,
        0.53740142554,
        0.53437758554,
        0.5422432635400001,
        0.53672527654,
        0.53837293454,
        0.53726591954,
        0.53831294054,
        0.53916420554,
        0.53634220954,
        0.53667704254,
        0.53661873754,
        0.5410432835400001,
        0.5393473345400001,
        0.5362044245400001,
        0.5394081015400001,
        0.53571901654,
        0.53711295554,
        0.53556819254,
        0.5376941955400001,
        0.5374797355400001,
        0.53719754054,
        0.53788707954,
        0.5367567815400001
      ],