{
  "results": [
    {
      "command": "taskset -c 0 ./cauer_100-ad.exe --output-only-last --step-size 1 --rtol 1.e-5 --atol 1.e-7 --interval 1000",
      "mean": 2.7278351033799995,
      "stddev": 0.010528758376869863,
      "median": 2.72508480716,
      "user": 2.662222600000001,
      "system": 0.06539106,
      "min": 2.7125845761600003,
      "max": 2.77505229516,
      "times": [
        2.72843915216,
        2.7317430271600003,
        2.7219818791600003,
        2.73122263116,
        2.74902532516,
        2.71932397516,
        2.72463168816,
        2.7218360171600002,
        2.7306493941600003,
        2.7377109171600003,
        2.72571760816,
        2.7337712771600002,
        2.72097470816,
        2.7736545451600003,
        2.7238422901600003,
        2.73595455516,
        2.72089282116,
        2.7551357001600003,
        2.72314206816,
        2.72379420016,
        2.7241937921600003,
        2.72643968516,
        2.72185341216,
        2.77505229516,
        2.7153123161600003,
        2.72594094616,
        2.72189146016,
        2.72520216216,
        2.73185045616,
        2.73194690616,
        2.72351240416,
        2.72237537516,
        2.73414109016,
        2.71912141416,
        2.72496745216,
        2.7229239931600002,
        2.7125845761600003,
        2.72852365516,
        2.72145291516,
        2.7577343031600003,
        2.72547436516,
        2.73138296816,
        2.7253576721600004,
        2.72364203916,
        2.7229607751600002,
        2.72099391116,
        2.73190543716,
        2.7417333051600004,
        2.7323475521600002,
        2.72746171716,
        2.73296672116,
        2.72152471016,
        2.73359811816,
        2.72199385516,
        2.7269554351600003,
        2.72290995016,
        2.72622486216,
        2.73782567216,
        2.71621714616,
        2.7282102471600003,
        2.72250632616,
        2.7316699251600003,
        2.72289036616,
        2.71855661916,
        2.72469597916,
        2.74148756216,
        2.72343314216,
        2.72986903016,
        2.72906646216,
        2.72248923116,
        2.72969445616,
        2.72272928616,
        2.72340767916,
        2.73066310816,
        2.72279059216,
        2.7257421171600003,
        2.7137714181600003,
        2.72091492716,
        2.7253448541600003,
        2.7176039761600004,
        2.7224641691600002,
        2.72336965116,
        2.75067161016,
        2.7129541281600003,
        2.7346879301600002,
        2.71931253316,
        2.73226491516,
        2.72293846116,
        2.72283303316,
        2.73162425516,
        2.71943138016,
        2.7197840061600003,
        2.7363139911600003,
        2.71415817816,
        2.72158537316,
        2.7344402271600003,
        2.7266720111600002,
        2.72650343416,
        2.7397584951600003,
        2.72026464616
      ],
      "exit_codes": [
        0,
        0,
        0,
        0,
        0,
        0,
        0,
        0,
        0,
        0,
        0,
        0,
        0,
        0,
        0,
        0,
        0,
        0,
        0,
        0,
        0,
        0,
        0,
        0,
        0,
        0,
        0,
        0,
        0,
        0,
        0,
        0,
        0,
        0,
        0,
        0,
        0,
        0,
        0,
        0,
        0,
        0,
        0,
        0,
        0,
        0,
        0,
        0,
        0,
        0,
        0,
        0,
        0,
        0,
        0,
        0,
        0,
        0,
        0,
        0,
        0,
        0,
        0,
        0,
        0,
        0,
        0,
        0,
        0,
        0,
        0,
        0,
        0,
        0,
        0,
        0,
        0,
        0,
        0,
        0,
        0,
        0,
        0,
        0,
        0,
        0,
        0,
        0,
        0,
        0,
        0,
        0,
        0,
        0,
        0,
        0,
        0,
        0,
        0,
        0
      ],
      "parameters": {
        "n": "ad"
      }
    },
    {
      "command": "taskset -c 0 ./cauer_100-0.exe --output-only-last --step-size 1 --rtol 1.e-5 --atol 1.e-7 --interval 1000",
      "mean": 2.731593732110001,
      "stddev": 0.006654729205369545,
      "median": 2.73148065166,
      "user": 2.6629246099999992,
      "system": 0.06844800999999999,
      "min": 2.71682865916,
      "max": 2.7633273971600003,
      "times": [
        2.74781068816,
        2.72768429216,
        2.73308408216,
        2.73336384116,
        2.73775685416,
        2.74236632316,
        2.72413041316,
        2.72404575816,
        2.7251551101600002,
        2.72641496616,
        2.7287592601600004,
        2.73708616516,
        2.73672370216,
        2.73614665216,
        2.7182558391600002,
        2.7242205411600002,
        2.73821167016,
        2.73275832916,
        2.7633273971600003,
        2.73713668816,
        2.73776480116,
        2.73448005816,
        2.72875433016,
        2.73900889616,
        2.72983144316,
        2.73197019916,
        2.7373009661600003,
        2.73339983216,
        2.7272822431600003,
        2.72695216816,
        2.7251264721600004,
        2.73656853216,
        2.73023993016,
        2.73085385616,
        2.73318437016,
        2.74143155416,
        2.73037973416,
        2.73393958616,
        2.73355036216,
        2.72288422116,
        2.72555143816,
        2.73181554316,
        2.73038011316,
        2.7228617341600003,
        2.73014667016,
        2.73295232616,
        2.74969213516,
        2.7351864271600004,
        2.72663819816,
        2.73776273216,
        2.7390414291600003,
        2.7272003271600003,
        2.73396121316,
        2.73589677516,
        2.72994299616,
        2.73364069516,
        2.73679385816,
        2.7360394441600002,
        2.7331713141600003,
        2.7267772471600003,
        2.7313809941600002,
        2.7240123561600003,
        2.72162158916,
        2.72908868216,
        2.72898793016,
        2.7344418041600003,
        2.73092773116,
        2.7340916601600003,
        2.73169747116,
        2.73186329316,
        2.73052887316,
        2.73935121616,
        2.73542787616,
        2.7233257651600002,
        2.72907720016,
        2.73282470616,
        2.73020935116,
        2.72775164516,
        2.72272930616,
        2.72521886916,
        2.72054643216,
        2.73623147016,
        2.72910348516,
        2.73138211816,
        2.7262303071600003,
        2.72920353016,
        2.72307740316,
        2.72476345516,
        2.73157918516,
        2.73395615616,
        2.73599183216,
        2.73376436716,
        2.73445192316,
        2.71682865916,
        2.72573256116,
        2.7272049531600002,
        2.72594005816,
        2.72760367416,
        2.73767525216,
        2.73875332116
      ],
      "exit_codes": [
        0,
        0,
        0,
        0,
        0,
        0,
        0,
        0,
        0,
        0,
        0,
        0,
        0,
        0,
        0,
        0,
        0,
        0,
        0,
        0,
        0,
        0,
        0,
        0,
        0,
        0,
        0,
        0,
        0,
        0,
        0,
        0,
        0,
        0,
        0,
        0,
        0,
        0,
        0,
        0,
        0,
        0,
        0,
        0,
        0,
        0,
        0,
        0,
        0,
        0,
        0,
        0,
        0,
        0,
        0,
        0,
        0,
        0,
        0,
        0,
        0,
        0,
        0,
        0,
        0,
        0,
        0,
        0,
        0,
        0,
        0,
        0,
        0,
        0,
        0,
        0,
        0,
        0,
        0,
        0,
        0,
        0,
        0,
        0,
        0,
        0,
        0,
        0,
        0,
        0,
        0,
        0,
        0,
        0,
        0,
        0,
        0,
        0,
        0,
        0
      ],