{
  "results": [
    {
      "command": "taskset -c 0 ./cauer_100-ad.jac.exe --seed 0 2900",
      "mean": 0.8401068436400004,
      "stddev": 0.00289341376040737,
      "median": 0.8395629899600001,
      "user": 0.7696399700000001,
      "system": 0.07033489999999999,
      "min": 0.83389406746,
      "max": 0.8543393234600001,
      "times": [
        0.8431127394600001,
        0.84093486646,
        0.8414260094600001,
        0.8429706784600001,
        0.8389958284600001,
        0.8389195344600001,
        0.83928995246,
        0.8394935034600001,
        0.84213928546,
        0.8383214244600001,
        0.83738861746,
        0.8408649394600001,
        0.8385994634600001,
        0.8405004414600001,
        0.8349865164600001,
        0.8371563534600001,
        0.8367616304600001,
        0.83389406746,
        0.8395080464600001,
        0.83542552146,
        0.83813265146,
        0.8400303224600001,
        0.8386360044600001,
        0.8382634674600001,
        0.8383972394600001,
        0.8417640914600001,
        0.8391049114600001,
        0.8409311194600001,
        0.8425723464600001,
        0.8424591524600001,
        0.84274840246,
        0.83979929746,
        0.8441927474600001,
        0.8399593434600001,
        0.8406693284600001,
        0.8394498454600001,
        0.8427815584600001,
        0.8425940604600001,
        0.8389777944600001,
        0.8393699264600001,
        0.8423330224600001,
        0.8451500754600001,
        0.8385809044600001,
        0.8425595934600001,
        0.8543393234600001,
        0.83829221746,
        0.8372582444600001,
        0.8411463154600001,
        0.8432794284600001,
        0.8407823774600001,
        0.8472463274600001,
        0.8355882694600001,
        0.8420203614600001,
        0.8373941394600001,
        0.8410815534600001,
        0.8392470954600001,
        0.8406382714600001,
        0.8388612794600001,
        0.8352677134600001,
        0.8393666754600001,
        0.8394943494600001,
        0.8377618724600001,
        0.8349873204600001,
        0.8360623814600001,
        0.8378457694600001,
        0.8363892154600001,
        0.8392935984600001,
        0.8380662274600001,
        0.8386059014600001,
        0.8413043664600001,
        0.8449407994600001,
        0.8405170204600001,
        0.8410897154600001,
        0.8389423604600001,
        0.8382821944600001,
        0.8403125814600001,
        0.8388929634600001,
        0.84047735846,
        0.8386614094600001,
        0.8413215614600001,
        0.8421402924600001,
        0.83949007346,
        0.83671512946,
        0.8423808104600001,
        0.8372115124600001,
        0.8427258944600001,
        0.8394323974600001,
        0.8397415804600001,
        0.8396179334600001,
        0.8414665734600001,
        0.8399136874600001,
        0.8445071274600001,
        0.84565455846,
        0.8388558034600001,
        0.8376186184600001,
        0.84342875646,
        0.8423364214600001,
        0.83772603046,
        0.84255376146,
        0.8419622134600001
      ],
      "exit_codes": [
        0,
        0,
        0,
        0,
        0,
        0,
        0,
        0,
        0,
        0,
        0,
        0,
        0,
        0,
        0,
        0,
        0,
        0,
        0,
        0,
        0,
        0,
        0,
        0,
        0,
        0,
        0,
        0,
        0,
        0,
        0,
        0,
        0,
        0,
        0,
        0,
        0,
        0,
        0,
        0,
        0,
        0,
        0,
        0,
        0,
        0,
        0,
        0,
        0,
        0,
        0,
        0,
        0,
        0,
        0,
        0,
        0,
        0,
        0,
        0,
        0,
        0,
        0,
        0,
        0,
        0,
        0,
        0,
        0,
        0,
        0,
        0,
        0,
        0,
        0,
        0,
        0,
        0,
        0,
        0,
        0,
        0,
        0,
        0,
        0,
        0,
        0,
        0,
        0,
        0,
        0,
        0,
        0,
        0,
        0,
        0,
        0,
        0,
        0,
        0
      ],
      "parameters": {
        "n": "ad"
      }
    },
    {
      "command": "taskset -c 0 ./cauer_100-0.jac.exe --seed 0 2900",
      "mean": 0.8424909815000002,
      "stddev": 0.0033984362860108794,
      "median": 0.8423543689600002,
      "user": 0.7726790200000001,
      "system": 0.06967741000000001,
      "min": 0.83666000246,
      "max": 0.8681174194600001,
      "times": [
        0.8424048474600001,
        0.84093859546,
        0.8405355084600001,
        0.8388657814600001,
        0.8681174194600001,
        0.8423981074600001,
        0.8442244304600001,
        0.84327255046,
        0.8421321314600001,
        0.8401793874600001,
        0.8434071174600001,
        0.84302158946,
        0.8397078914600001,
        0.8434678384600001,
        0.8385756024600001,
        0.8425210704600001,
        0.8446802464600001,
        0.8389287064600001,
        0.8430122424600001,
        0.8420888314600001,
        0.8408609344600001,
        0.84334341046,
        0.8399139804600001,
        0.8405477834600001,
        0.8421527994600001,
        0.8425992284600001,
        0.84465740446,
        0.8423972564600001,
        0.8400327504600001,
        0.84488999746,
        0.8423114814600001,
        0.8407715624600001,
        0.8448234134600001,
        0.8440781504600001,
        0.8405699304600001,
        0.8414034584600001,
        0.8444921454600001,
        0.8438960754600001,
        0.8418981994600001,
        0.8411890564600001,
        0.84446313246,
        0.8460188624600001,
        0.8410151394600001,
        0.8438401884600001,
        0.84437373146,
        0.8444737404600001,
        0.8389996894600001,
        0.8418007524600001,
        0.84269028846,
        0.84555616046,
        0.8433572934600001,
        0.8402545354600001,
        0.8437180964600001,
        0.8416227464600001,
        0.8413770824600001,
        0.8413868294600001,
        0.8421635974600001,
        0.8437712634600001,
        0.8420020464600001,
        0.8400047464600001,
        0.8417692064600001,
        0.8466233824600001,
        0.8418878704600001,
        0.8429632684600001,
        0.8405864624600001,
        0.8429559444600001,
        0.8408438294600001,
        0.8426454934600001,
        0.8443387174600001,
        0.8444337554600001,
        0.8411721224600001,
        0.8438518044600001,
        0.8398725154600001,
        0.8396052784600001,
        0.84282475446,
        0.84168443546,
        0.8375165024600001,
        0.8484253264600001,
        0.84247830846,
        0.84219625346,
        0.83872544146,
        0.8425271484600001,
        0.8442903794600001,
        0.84306542646,
        0.8406306604600001,
        0.8458674794600001,
        0.8419828124600001,
        0.84039563246,
        0.8454601244600001,
        0.8483800804600001,
        0.8439908444600001,
        0.8447995334600001,
        0.8381483684600001,
        0.8391776004600001,
        0.8391266094600001,
        0.8403021634600001,
        0.8390328974600001,
        0.8432132854600001,
        0.83666000246,
        0.8424475884600001
      ],