{
  "results": [
    {
      "command": "taskset -c 0 ./cauer_100-ad.res.exe --seed 0 11493",
      "mean": 0.3679279450800001,
      "stddev": 0.007566575723158094,
      "median": 0.36696662172,
      "user": 0.3646270899999998,
      "system": 0.0032770549999999996,
      "min": 0.36442366672,
      "max": 0.44112557072,
      "times": [
        0.36535933872,
        0.36789622972,
        0.36698466672,
        0.36861718172,
        0.36994812872,
        0.36786068572,
        0.37035942172,
        0.36651054572,
        0.36791824072,
        0.36841935172,
        0.36881663772,
        0.36877616672,
        0.36925032672,
        0.36553224972000004,
        0.36638799372,
        0.36709386772,
        0.36851364772,
        0.36687498872,
        0.36532763472,
        0.36548975972000003,
        0.36615753772,
        0.36782313272,
        0.36647070272,
        0.36680784072,
        0.36719852972,
        0.36774046772,
        0.36763968372,
        0.36652425472,
        0.36760398872,
        0.36597278172000003,
        0.36621872372000003,
        0.36714421572,
        0.36734612172000003,
        0.36785960872,
        0.36882943372,
        0.36648563372,
        0.36694639572,
        0.36881005572000003,
        0.36685425572,
        0.36799908772,
        0.36695768572,
        0.36665284072,
        0.36697555772,
        0.36816985972,
        0.36628442872,
        0.36846776572,
        0.36914653572,
        0.36582912272,
        0.36717633372,
        0.37922272772,
        0.36704946572,
        0.36790964272,
        0.36664944972,
        0.36648822872000003,
        0.36714527572,
        0.36699190172,
        0.36701845972,
        0.36633729972,
        0.36676859372000004,
        0.36602547872,
        0.36694779672,
        0.36827440372000003,
        0.36442366672,
        0.36637339972,
        0.36609615872,
        0.36581757072,
        0.36687667772,
        0.36757662072,
        0.36602687872,
        0.36607485772000004,
        0.36731118472,
        0.36692312072,
        0.36670185172,
        0.36582688072,
        0.36743608672,
        0.36739893272,
        0.36629067972,
        0.36699241972,
        0.36607110172,
        0.36662910472,
        0.36726033472,
        0.36573469972,
        0.36798094072,
        0.36689975972,
        0.36764014572000003,
        0.36620879672,
        0.36508600072,
        0.36652998672000003,
        0.36869247372,
        0.36641380972,
        0.36608677172,
        0.36607341772,
        0.36580349072,
        0.36677576572000004,
        0.36785799972,
        0.36681844372,
        0.36698522972000003,
        0.44112557072,
        0.36709506572,
        0.36802023872
      ],
      "exit_codes": [
        0,
        0,
        0,
        0,
        0,
        0,
        0,
        0,
        0,
        0,
        0,
        0,
        0,
        0,
        0,
        0,
        0,
        0,
        0,
        0,
        0,
        0,
        0,
        0,
        0,
        0,
        0,
        0,
        0,
        0,
        0,
        0,
        0,
        0,
        0,
        0,
        0,
        0,
        0,
        0,
        0,
        0,
        0,
        0,
        0,
        0,
        0,
        0,
        0,
        0,
        0,
        0,
        0,
        0,
        0,
        0,
        0,
        0,
        0,
        0,
        0,
        0,
        0,
        0,
        0,
        0,
        0,
        0,
        0,
        0,
        0,
        0,
        0,
        0,
        0,
        0,
        0,
        0,
        0,
        0,
        0,
        0,
        0,
        0,
        0,
        0,
        0,
        0,
        0,
        0,
        0,
        0,
        0,
        0,
        0,
        0,
        0,
        0,
        0,
        0
      ],
      "parameters": {
        "n": "ad"
      }
    },
    {
      "command": "taskset -c 0 ./cauer_100-0.res.exe --seed 0 11493",
      "mean": 0.36516087154,
      "stddev": 0.0014349664337822432,
      "median": 0.36502761972,
      "user": 0.36180631999999996,
      "system": 0.0033447078000000004,
      "min": 0.36248065672,
      "max": 0.37242395172000003,
      "times": [
        0.36468407672,
        0.36573294472,
        0.36582714672,
        0.36519274872,
        0.36493446572,
        0.36573010872,
        0.36495338172,
        0.36601597572,
        0.36467115572000003,
        0.36446077272,
        0.36524059272000003,
        0.36384441572,
        0.36589972772,
        0.36599251072,
        0.36488080872,
        0.36312170072,
        0.36835160972000003,
        0.37242395172000003,
        0.36370178772,
        0.36504509072,
        0.36665449872,
        0.36573982872,
        0.36445589072,
        0.36561786672,
        0.36940070572,
        0.36498873772,
        0.36534887672,
        0.36535916972,
        0.36528361872,
        0.36621612372,
        0.36496738672,
        0.36450157172000003,
        0.36525174172,
        0.36406023472,
        0.36843551172,
        0.36516497972,
        0.36390988472,
        0.36444059272,
        0.36613339172000003,
        0.36501094872,
        0.36584298072,
        0.36380105172,
        0.36450328272,
        0.36381792472,
        0.36606114072,
        0.36565572272,
        0.36411911972,
        0.36640839372,
        0.36504429072,
        0.36511325772000003,
        0.36542066172,
        0.36599717672,
        0.36445954272000003,
        0.36483285872,
        0.36459953672,
        0.36505874572,
        0.36552596272,
        0.36678175072,
        0.36346463472,
        0.36697403172,
        0.36415622072000003,
        0.36646520372,
        0.36628853072,
        0.36410464972,
        0.36475228572,
        0.36386050772,
        0.36637135872,
        0.36751880672000004,
        0.36401396172,
        0.36325722772,
        0.36485985072,
        0.36358232172,
        0.36531809972,
        0.36611625472000003,
        0.36352898772000003,
        0.36691403772000003,
        0.36378620572000003,
        0.36400746372000004,
        0.36558829972,
        0.36392993472,
        0.36389508572,
        0.36604432772,
        0.36294238072,
        0.36709961472,
        0.36355760672,
        0.36307414772,
        0.36375853272,
        0.36600372472000003,
        0.36479421472,
        0.36248065672,
        0.36438836472,
        0.36427414772,
        0.36265793572,
        0.36572824872,
        0.36640091072000003,
        0.36466658072,
        0.36547809172,
        0.36586542672,
        0.36484030972000003,
        0.36458803372
      ],
      "exit_codes": [
        0,
        0,
        0,
        0,
        0,
        0,
        0,
        0,
        0,
        0,
        0,
        0,
        0,
        0,
        0,
        0,
        0,
        0,
        0,
        0,
        0,
        0,
        0,
        0,
        0,
        0,
        0,
        0,
        0,
        0,
        0,
        0,
        0,
        0,
        0,
        0,
        0,
        0,
        0,
        0,
        0,
        0,
        0,
        0,
        0,
        0,
        0,
        0,
        0,
        0,
        0,
        0,
        0,
        0,
        0,
        0,
        0,
        0,
        0,
        0,
        0,
        0,
        0,
        0,
        0,
        0,
        0,
        0,
        0,
        0,
        0,
        0,
        0,
        0,
        0,
        0,
        0,
        0,
        0,
        0,
        0,
        0,
        0,
        0,
        0,
        0,
        0,
        0,
        0,
        0,
        0,
        0,
        0,
        0,
        0,
        0,
        0,
        0,
        0,
        0
      ],
      "parameters": {
        "n": "0"
      }
    },
    {
      "command": "taskset -c 0 ./cauer_100-1.res.exe --seed 0 11493",
      "mean": 0.3653417579999999,
      "stddev": 0.0015075927841817593,