{
  "results": [
    {
      "command": "taskset -c 0 ./cauer_100-ad.res.exe --seed 0 11493",
      "mean": 0.36979839682000004,
      "stddev": 0.005311591607266804,
      "median": 0.36732865854,
      "user": 0.36611778000000006,
      "system": 0.0037488919999999998,
      "min": 0.36461955154000003,
      "max": 0.37972307954,
      "times": [
        0.36683576554,
        0.36741303454,
        0.36508395154,
        0.37972307954,
        0.36509138254,
        0.36669271854,
        0.36678658954000004,
        0.37889429254,
        0.36609336454,
        0.36589050654,
        0.36643209454000003,
        0.37736201554000004,
        0.36864756054000003,
        0.36856443854000004,
        0.36753588054,
        0.36716756054,
        0.37829208154,
        0.36461955154000003,
        0.37105935554,
        0.36661719854,
        0.37952952654,
        0.36732865854,
        0.36625364554,
        0.36832139954000004,
        0.37872426754
      ],
      "exit_codes": [
        0,
        0,
        0,
        0,
        0,
        0,
        0,
        0,
        0,
        0,
        0,
        0,
        0,
        0,
        0,
        0,
        0,
        0,
        0,
        0,
        0,
        0,
        0,
        0,
        0
      ],
      "parameters": {
        "n": "ad"
      }
    },
    {
      "command": "taskset -c 0 ./cauer_100-0.res.exe --seed 0 11493",
      "mean": 0.36838644637999995,
      "stddev": 0.0044236347382587025,
      "median": 0.36644023554,
      "user": 0.3644842200000001,
      "system": 0.0039329664,
      "min": 0.36419975154,
      "max": 0.37693916954,
      "times": [
        0.36644023554,
        0.36549716854000003,
        0.37693916954,
        0.36779832854,
        0.36498117654,
        0.36419975154,
        0.37567254754,
        0.36455148554,
        0.36578889554,
        0.36697184454000004,
        0.37597571854,
        0.36653975354,
        0.36695249454,
        0.36553514354,
        0.37559248654,
        0.36587149954000003,
        0.36713062054,
        0.36540703254,
        0.37575166854000003,
        0.36613897754,
        0.36523260254,
        0.36544702154,
        0.37568091854,
        0.36573165354000003,
        0.36783296454000003
      ],
      "exit_codes": [
        0,
        0,
        0,
        0,
        0,
        0,
        0,
        0,
        0,
        0,
        0,
        0,
        0,
        0,
        0,
        0,
        0,
        0,
        0,
        0,
        0,
        0,
        0,
        0,
        0
      ],
      "parameters": {
        "n": "0"
      }
    }
  ]
}
