{
  "results": [
    {
      "command": "taskset -c 0 ./cauer_10-0.jac.exe --seed 0 2300",
      "mean": 0.07817560154,
      "stddev": 0.0007446598436055601,
      "median": 0.0782829849,
      "user": 0.07567206,
      "system": 0.002529032,
      "min": 0.0770105489,
      "max": 0.07980897090000001,
      "times": [
        0.0770105489,
        0.07913925390000001,
        0.07719097790000001,
        0.07875246690000001,
        0.07753974990000001,
        0.0787845419,
        0.07888661490000001,
        0.0781778369,
        0.0789713209,
        0.07770938090000001,
        0.0784569789,
        0.0782829849,
        0.0770328289,
        0.07872255090000001,
        0.07765137390000001,
        0.07853684290000001,
        0.0773757689,
        0.0783429129,
        0.07735982190000001,
        0.0789273699,
        0.0773316859,
        0.0784033689,
        0.0782134339,
        0.07980897090000001,
        0.0777804519
      ],
      "exit_codes": [
        0,
        0,
        0,
        0,
        0,
        0,
        0,
        0,
        0,
        0,
        0,
        0,
        0,
        0,
        0,
        0,
        0,
        0,
        0,
        0,
        0,
        0,
        0,
        0,
        0
      ],
      "parameters": {
        "n": "0"
      }
    },
    {
      "command": "taskset -c 0 ./cauer_10-1.jac.exe --seed 0 2300",
      "mean": 0.06270192634,
      "stddev": 0.0006608339293635682,
      "median": 0.06276472790000001,
      "user": 0.06041441999999999,
      "system": 0.0023073959999999998,
      "min": 0.0609687189,
      "max": 0.0641289089,
      "times": [
        0.0621727759,
        0.06293885390000001,
        0.061821141899999994,
        0.062228523900000006,
        0.0626223689,
        0.0620337919,
        0.06299434790000001,
        0.0626732009,
        0.06303215890000001,
        0.0628991529,
        0.0609687189,
        0.0622520799,
        0.06296035690000001,
        0.0623576719,
        0.06311736690000001,
        0.0641289089,
        0.06331155390000001,
        0.0628429379,
        0.0630504929,
        0.0620906169,
        0.0638440269,
        0.062409389899999994,
        0.06276472790000001,
        0.06258135190000001,
        0.06345163990000001
      ],
      "exit_codes": [
        0,
        0,
        0,
        0,
        0,
        0,
        0,
        0,
        0,
        0,
        0,
        0,
        0,
        0,
        0,
        0,
        0,
        0,
        0,
        0,
        0,
        0,
        0,
        0,
        0
      ],
      "parameters": {
        "n": "1"
      }
    },
    {
      "command": "taskset -c 0 ./cauer_10-2.jac.exe --seed 0 2300",
      "mean": 0.011304096940000001,
      "stddev": 0.0005390670210632812,
      "median": 0.0115255909,
      "user": 0.0097699,
      "system": 0.0016228559999999998,
      "min": 0.0100989019,
      "max": 0.0119468569,
      "times": [
        0.0119468569,
        0.010820732900000001,
        0.011831738900000001,
        0.0115255909,
        0.011782717900000001,
        0.0107277229,
        0.011766391900000001,
        0.011018894900000001,
        0.011781534900000001,
        0.0109550079,
        0.011717867900000001,
        0.010701457900000001,
        0.0118150699,
        0.0107656269,
        0.0117855219,
        0.010846435900000001,
        0.0117356509,
        0.010891471900000001,
        0.011875591900000001,
        0.010773804900000001,
        0.0117871819,
        0.0106259109,
        0.0100989019,
        0.011699879900000001,
        0.0113248589
      ],
      "exit_codes": [
        0,
        0,
        0,
        0,
        0,
        0,
        0,
        0,
        0,
        0,
        0,
        0,
        0,
        0,
        0,
        0,
        0,
        0,
        0,
        0,
        0,
        0,
        0,
        0,
        0
      ],
      "parameters": {
        "n": "2"
      }
    }
  ]
}
