{
  "results": [
    {
      "command": "taskset -c 0 ./cauer_100-ad.exe --output-only-last --step-size 1 --rtol 1.e-5 --atol 1.e-7 --interval 1000",
      "mean": 2.69381107288,
      "stddev": 0.005312094264243682,
      "median": 2.6935644823200002,
      "user": 2.66777318,
      "system": 0.0258191,
      "min": 2.68560221332,
      "max": 2.71078528432,
      "times": [
        2.68929857932,
        2.69933472832,
        2.69329245832,
        2.69046064032,
        2.69395633832,
        2.68560221332,
        2.69721374932,
        2.69909598632,
        2.69719917432,
        2.69058756232,
        2.69402023032,
        2.7004623693200003,
        2.69408084232,
        2.69128102632,
        2.6911057403200003,
        2.71078528432,
        2.6915848483200002,
        2.6890061323200003,
        2.6935644823200002,
        2.69675163032,
        2.68849352332,
        2.6948285703200003,
        2.69005736132,
        2.68660591032,
        2.69660744032
      ],
      "exit_codes": [
        0,
        0,
        0,
        0,
        0,
        0,
        0,
        0,
        0,
        0,
        0,
        0,
        0,
        0,
        0,
        0,
        0,
        0,
        0,
        0,
        0,
        0,
        0,
        0,
        0
      ],
      "parameters": {
        "n": "ad"
      }
    },
    {
      "command": "taskset -c 0 ./cauer_100-0.exe --output-only-last --step-size 1 --rtol 1.e-5 --atol 1.e-7 --interval 1000",
      "mean": 2.71860894084,
      "stddev": 0.005862380862546075,
      "median": 2.71789563832,
      "user": 2.69215918,
      "system": 0.026322540000000002,
      "min": 2.70832016032,
      "max": 2.73464338032,
      "times": [
        2.72527634132,
        2.71385632932,
        2.73117650332,
        2.72540500332,
        2.70832016032,
        2.72166976732,
        2.71049010132,
        2.71800836232,
        2.71500727132,
        2.71507657732,
        2.71683179332,
        2.7213530183200003,
        2.71854892032,
        2.71741010532,
        2.71881472932,
        2.71349822532,
        2.71358134032,
        2.73464338032,
        2.71672237232,
        2.71752371132,
        2.71851570432,
        2.7210029223200003,
        2.71789563832,
        2.7197059023200003,
        2.71488934032
      ],
      "exit_codes": [
        0,
        0,
        0,
        0,
        0,
        0,
        0,
        0,
        0,
        0,
        0,
        0,
        0,
        0,
        0,
        0,
        0,
        0,
        0,
        0,
        0,
        0,
        0,
        0,
        0
      ],
      "parameters": {
        "n": "0"
      }
    },
    {
      "command": "taskset -c 0 ./cauer_100-1.exe --output-only-last --step-size 1 --rtol 1.e-5 --atol 1.e-7 --interval 1000",
      "mean": 2.6849399970000003,
      "stddev": 0.004379910609240473,
      "median": 2.6848330433200003,
      "user": 2.66543002,
      "system": 0.019299979999999998,
      "min": 2.67929574132,
      "max": 2.69547842532,
      "times": [
        2.68658181932,
        2.67929574132,
        2.68071552832,
        2.68357106932,
        2.68697054132,
        2.68024033832,
        2.68674872332,
        2.69547842532,
        2.69273298532,
        2.68546692632,
        2.68421662632,
        2.68815420632,
        2.6832484983200002,
        2.68798710532,
        2.69151907032,
        2.68309225432,
        2.68772306532,
        2.67938416532,
        2.68580848432,
        2.6848330433200003,
        2.68389024532,
        2.6873289173200003,
        2.67967625132,
        2.67947298832,
        2.67936290532
      ],
      "exit_codes": [
        0,
        0,
        0,
        0,
        0,
        0,
        0,
        0,
        0,
        0,
        0,
        0,
        0,
        0,
        0,
        0,
        0,
        0,
        0,
        0,
        0,
        0,
        0,
        0,
        0
      ],
      "parameters": {
        "n": "1"
      }
    },
    {
      "command": "taskset -c 0 ./cauer_100-2.exe --output-only-last --step-size 1 --rtol 1.e-5 --atol 1.e-7 --interval 1000",
      "mean": 2.7205624295600006,
      "stddev": 0.007000575087218337,
      "median": 2.71886457632,
      "user": 2.6508855,
      "system": 0.06947078,
      "min": 2.71072706032,
      "max": 2.73809821032,
      "times": [
        2.7198010683200002,
        2.71478647532,
        2.71684004532,
        2.7118930953200002,
        2.71792913332,
        2.71389704132,
        2.72448258632,
        2.73809821032,
        2.71627102232,
        2.71773581432,
        2.72303721832,
        2.71886457632,
        2.71485469532,
        2.72250882432,
        2.72590060432,
        2.71930093932,
        2.73536498732,
        2.72650017532,
        2.72669338532,
        2.71794631332,
        2.7180426523200003,
        2.73055197732,
        2.72014713832,
        2.71072706032,
        2.7118856993200002
      ],
      "exit_codes": [
        0,
        0,
        0,
        0,
        0,
        0,
        0,
        0,
        0,
        0,
        0,
        0,
        0,
        0,
        0,
        0,
        0,
        0,
        0,
        0,
        0,
        0,
        0,
        0,
        0
      ],
      "parameters": {
        "n": "2"
      }
    }
  ]
}
