{
  "results": [
    {
      "command": "taskset -c 0 ./cauer_10-ad.res.exe --seed 0 106541",
      "mean": 0.2570179529200001,
      "stddev": 0.00519749073617176,
      "median": 0.25507288248000004,
      "user": 0.25446972,
      "system": 0.0025554720000000005,
      "min": 0.25267519748,
      "max": 0.27067874948000004,
      "times": [
        0.25409357348,
        0.25507288248000004,
        0.26011819348000004,
        0.25417723948000004,
        0.25312258548000005,
        0.26563342748,
        0.25711932248,
        0.25533747548,
        0.25745883948000003,
        0.25325659048000004,
        0.25702321248000004,
        0.27067874948000004,
        0.25584010748,
        0.25493326448000003,
        0.25291458548,
        0.25523780448000005,
        0.25313329248000005,
        0.26725593248,
        0.25267519748,
        0.25392409248000003,
        0.25630283948000004,
        0.25268768048,
        0.25440300548,
        0.26801781548000003,
        0.25503111348
      ],
      "exit_codes": [
        0,
        0,
        0,
        0,
        0,
        0,
        0,
        0,
        0,
        0,
        0,
        0,
        0,
        0,
        0,
        0,
        0,
        0,
        0,
        0,
        0,
        0,
        0,
        0,
        0
      ],
      "parameters": {
        "n": "ad"
      }
    },
    {
      "command": "taskset -c 0 ./cauer_10-0.res.exe --seed 0 106541",
      "mean": 0.25191295315999995,
      "stddev": 0.005145730971290578,
      "median": 0.24971231048000003,
      "user": 0.25028296,
      "system": 0.0016792400000000002,
      "min": 0.24816634448000002,
      "max": 0.26414502948,
      "times": [
        0.24836757448000002,
        0.24960725048000004,
        0.25073169948,
        0.24819446648000001,
        0.24877263448000003,
        0.26342929348000005,
        0.25074341748,
        0.24969624648000005,
        0.24847509348000002,
        0.24982995148000003,
        0.25109452548000005,
        0.26343918148,
        0.24861131148000004,
        0.25258987148,
        0.24816634448000002,
        0.24907485048,
        0.25114256348,
        0.26414502948,
        0.25303569648,
        0.24924737248,
        0.24911950748,
        0.24971231048000003,
        0.24827227448000003,
        0.26115621248000004,
        0.25116914948
      ],
      "exit_codes": [
        0,
        0,
        0,
        0,
        0,
        0,
        0,
        0,
        0,
        0,
        0,
        0,
        0,
        0,
        0,
        0,
        0,
        0,
        0,
        0,
        0,
        0,
        0,
        0,
        0
      ],
      "parameters": {
        "n": "0"
      }
    }
  ]
}
