{
  "results": [
    {
      "command": "taskset -c 0 ./pendulum-0.jac.exe --seed 0 9819",
      "mean": 0.049470752400000005,
      "stddev": 0.00028917729750321006,
      "median": 0.04952059492,
      "user": 0.04802429999999999,
      "system": 0.0016058335999999999,
      "min": 0.04851061592,
      "max": 0.05004086192,
      "times": [
        0.04976366392,
        0.04957078092,
        0.04964210392,
        0.04952059492,
        0.05004086192,
        0.04960517892,
        0.04939600292,
        0.04964052092,
        0.04935813192,
        0.04964284292,
        0.04968935992,
        0.04918825392,
        0.04935711592,
        0.04954781692,
        0.04950416592,
        0.04935637392,
        0.04940605492,
        0.04969757392,
        0.049251078920000003,
        0.04851061592,
        0.049705017920000004,
        0.04921597092,
        0.04940893892,
        0.049630943920000004,
        0.04911884492
      ],
      "exit_codes": [
        0,
        0,
        0,
        0,
        0,
        0,
        0,
        0,
        0,
        0,
        0,
        0,
        0,
        0,
        0,
        0,
        0,
        0,
        0,
        0,
        0,
        0,
        0,
        0,
        0
      ],
      "parameters": {
        "n": "0"
      }
    },
    {
      "command": "taskset -c 0 ./pendulum-1.jac.exe --seed 0 9819",
      "mean": 0.046448222600000005,
      "stddev": 0.00036822642987928373,
      "median": 0.04649652692,
      "user": 0.0446647,
      "system": 0.0018529535999999998,
      "min": 0.04496740292,
      "max": 0.04701801792,
      "times": [
        0.04496740292,
        0.04634076892,
        0.046392354920000003,
        0.04654052192,
        0.04655558892,
        0.04677679592,
        0.04649296692,
        0.04623919792,
        0.04628817592,
        0.04629418692,
        0.04701801792,
        0.04644177392,
        0.04629991292,
        0.04661199092,
        0.04652026292,
        0.04667920592,
        0.04657398792,
        0.04654081792,
        0.04698515692,
        0.04628110492,
        0.04649652692,
        0.04642019292,
        0.04632590492,
        0.04650108892,
        0.046621657920000004
      ],
      "exit_codes": [
        0,
        0,
        0,
        0,
        0,
        0,
        0,
        0,
        0,
        0,
        0,
        0,
        0,
        0,
        0,
        0,
        0,
        0,
        0,
        0,
        0,
        0,
        0,
        0,
        0
      ],
      "parameters": {
        "n": "1"
      }
    },
    {
      "command": "taskset -c 0 ./pendulum-2.jac.exe --seed 0 9819",
      "mean": 0.011578449640000002,
      "stddev": 0.0032781533712291,
      "median": 0.010939724920000001,
      "user": 0.009623620000000001,
      "system": 0.0019525103999999997,
      "min": 0.010173570920000001,
      "max": 0.027288501920000003,
      "times": [
        0.010830674920000002,
        0.010843303920000002,
        0.010851847920000001,
        0.011009007920000001,
        0.010892770920000001,
        0.011151312920000002,
        0.01088339192,
        0.01109047192,
        0.011048193920000001,
        0.010833327920000002,
        0.010936776920000002,
        0.010905859920000002,
        0.010998421920000001,
        0.010971128920000002,
        0.010948220920000001,
        0.01094587892,
        0.010173570920000001,
        0.010918377920000001,
        0.010943463920000002,
        0.010956095920000002,
        0.011261364920000001,
        0.027288501920000003,
        0.010907000920000002,
        0.010932547920000002,
        0.010939724920000001
      ],
      "exit_codes": [
        0,
        0,
        0,
        0,
        0,
        0,
        0,
        0,
        0,
        0,
        0,
        0,
        0,
        0,
        0,
        0,
        0,
        0,
        0,
        0,
        0,
        0,
        0,
        0,
        0
      ],
      "parameters": {
        "n": "2"
      }
    },
    {
      "command": "taskset -c 0 ./pendulum-3.jac.exe --seed 0 9819",
      "mean": 0.010911302320000005,
      "stddev": 0.00022090298975738194,
      "median": 0.010940553920000002,
      "user": 0.00933254,
      "system": 0.0016150720000000002,
      "min": 0.010216875920000002,
      "max": 0.011125918920000002,
      "times": [
        0.010956463920000001,
        0.010965935920000001,
        0.011004587920000001,
        0.011110031920000001,
        0.010928166920000001,
        0.010834436920000001,
        0.010861776920000002,
        0.010852082920000002,
        0.011120880920000001,
        0.010841942920000002,
        0.011077749920000001,
        0.011043094920000001,
        0.011125918920000002,
        0.010892355920000001,
        0.010897829920000001,
        0.010907858920000001,
        0.01026185792,
        0.011063646920000001,
        0.010216875920000002,
        0.01107472492,
        0.010989618920000001,
        0.010940553920000002,
        0.01093768892,
        0.010904297920000002,
        0.010972176920000002
      ],
      "exit_codes": [
        0,
        0,
        0,
        0,
        0,
        0,
        0,
        0,
        0,
        0,
        0,
        0,
        0,
        0,
        0,
        0,
        0,
        0,
        0,
        0,
        0,
        0,
        0,
        0,
        0
      ],
      "parameters": {
        "n": "3"
      }
    }
  ]
}
