{
  "results": [
    {
      "command": "taskset -c 0 ./pendulum-ad.exe --output-only-last --step-size 1 --rtol 1.e-5 --atol 1.e-7 --interval 10000",
      "mean": 0.5613779304200001,
      "stddev": 0.0022340347110750827,
      "median": 0.56079705562,
      "user": 0.5585819600000002,
      "system": 0.002830746399999999,
      "min": 0.55854394962,
      "max": 0.56664271762,
      "times": [
        0.56184636362,
        0.56175766062,
        0.56079705562,
        0.55983824662,
        0.56054220762,
        0.55888418462,
        0.56127575962,
        0.56483989662,
        0.56015504762,
        0.55934234462,
        0.56338189862,
        0.55854394962,
        0.56285415062,
        0.56201103662,
        0.56560117162,
        0.56664271762,
        0.55965499962,
        0.55896628762,
        0.56238187562,
        0.55914102562,
        0.56346224662,
        0.55998885762,
        0.5591859326199999,
        0.55995566062,
        0.56339768262
      ],
      "exit_codes": [
        0,
        0,
        0,
        0,
        0,
        0,
        0,
        0,
        0,
        0,
        0,
        0,
        0,
        0,
        0,
        0,
        0,
        0,
        0,
        0,
        0,
        0,
        0,
        0,
        0
      ],
      "parameters": {
        "n": "ad"
      }
    },
    {
      "command": "taskset -c 0 ./pendulum-0.exe --output-only-last --step-size 1 --rtol 1.e-5 --atol 1.e-7 --interval 10000",
      "mean": 0.55044025458,
      "stddev": 0.0033693667609267816,
      "median": 0.54989625062,
      "user": 0.5472470800000001,
      "system": 0.0032152663999999997,
      "min": 0.54611257562,
      "max": 0.56282591062,
      "times": [
        0.54996846662,
        0.54989625062,
        0.5500878406199999,
        0.54898257862,
        0.55044764562,
        0.5472611496199999,
        0.5489167216199999,
        0.54977358862,
        0.54748711162,
        0.56282591062,
        0.5553937276199999,
        0.54850044462,
        0.54764760362,
        0.5521519486199999,
        0.55071060162,
        0.55046026062,
        0.54784841862,
        0.55159630362,
        0.55152039662,
        0.55068961862,
        0.54611257562,
        0.55519181662,
        0.54915589162,
        0.54952847762,
        0.54885101462
      ],
      "exit_codes": [
        0,
        0,
        0,
        0,
        0,
        0,
        0,
        0,
        0,
        0,
        0,
        0,
        0,
        0,
        0,
        0,
        0,
        0,
        0,
        0,
        0,
        0,
        0,
        0,
        0
      ],
      "parameters": {
        "n": "0"
      }
    },
    {
      "command": "taskset -c 0 ./pendulum-1.exe --output-only-last --step-size 1 --rtol 1.e-5 --atol 1.e-7 --interval 10000",
      "mean": 0.54726160026,
      "stddev": 0.005330559386558298,
      "median": 0.54545723962,
      "user": 0.54481888,
      "system": 0.002501388,
      "min": 0.54172788462,
      "max": 0.56241329562,
      "times": [
        0.54552784962,
        0.54928347262,
        0.54530405562,
        0.54387492662,
        0.56241329562,
        0.54827196562,
        0.54685934262,
        0.54535212962,
        0.54477427662,
        0.54433421362,
        0.54659311362,
        0.54408795762,
        0.54526748762,
        0.54556671662,
        0.55924659762,
        0.54545723962,
        0.5437796526199999,
        0.55992906562,
        0.54321961962,
        0.54856360762,
        0.54798172162,
        0.54172788462,
        0.5464274206199999,
        0.54341350262,
        0.54428289062
      ],
      "exit_codes": [
        0,
        0,
        0,
        0,
        0,
        0,
        0,
        0,
        0,
        0,
        0,
        0,
        0,
        0,
        0,
        0,
        0,
        0,
        0,
        0,
        0,
        0,
        0,
        0,
        0
      ],
      "parameters": {
        "n": "1"
      }
    },
    {
      "command": "taskset -c 0 ./pendulum-2.exe --output-only-last --step-size 1 --rtol 1.e-5 --atol 1.e-7 --interval 10000",
      "mean": 0.5106781825399999,
      "stddev": 0.00308235374318151,
      "median": 0.51017577662,
      "user": 0.5085236799999999,
      "system": 0.0022042672,
      "min": 0.50613471262,
      "max": 0.51884957562,
      "times": [
        0.50844490862,
        0.50800446262,
        0.51428000162,
        0.50945914262,
        0.50900372962,
        0.50744515262,
        0.51884957562,
        0.50613471262,
        0.50857925762,
        0.51142906862,
        0.51225654362,
        0.51286565162,
        0.51454269662,
        0.50813968262,
        0.51033656962,
        0.51431187162,
        0.51001526662,
        0.50616772862,
        0.50882735362,
        0.51427014762,
        0.51017577662,
        0.51143928562,
        0.51192269562,
        0.50743146762,
        0.51262181362
      ],
      "exit_codes": [
        0,
        0,
        0,
        0,
        0,
        0,
        0,
        0,
        0,
        0,
        0,
        0,
        0,
        0,
        0,
        0,
        0,
        0,
        0,
        0,
        0,
        0,
        0,
        0,
        0
      ],
      "parameters": {
        "n": "2"
      }
    },
    {
      "command": "taskset -c 0 ./pendulum-3.exe --output-only-last --step-size 1 --rtol 1.e-5 --atol 1.e-7 --interval 10000",
      "mean": 0.51090210014,
      "stddev": 0.002389439949339153,
      "median": 0.51019801162,
      "user": 0.50892232,
      "system": 0.0020512703999999997,
      "min": 0.50700287162,
      "max": 0.51674980962,
      "times": [
        0.51379845362,
        0.51186388062,
        0.51019801162,
        0.50927614162,
        0.50914017562,
        0.51160918762,
        0.50700287162,
        0.51288863162,
        0.51003159562,
        0.51229030262,
        0.50939956962,
        0.50829194262,
        0.50897945662,
        0.51489252062,
        0.50888655062,
        0.50944995062,
        0.51090710762,
        0.51305384962,
        0.50959733062,
        0.51674980962,
        0.50751525562,
        0.51226908862,
        0.51380829362,
        0.51113089362,
        0.50952163162
      ],
      "exit_codes": [
        0,
        0,
        0,
        0,
        0,
        0,
        0,
        0,
        0,
        0,
        0,
        0,
        0,
        0,
        0,
        0,
        0,
        0,
        0,
        0,
        0,
        0,
        0,
        0,
        0
      ],
      "parameters": {
        "n": "3"
      }
    }
  ]
}
