{
  "results": [
    {
      "command": "taskset -c 0 ./furuta-ad.exe --output-only-last --step-size 1 --rtol 1.e-5 --atol 1.e-7 --interval 1000",
      "mean": 20.152155033020005,
      "stddev": 0.03718391254879632,
      "median": 20.1446741729,
      "user": 20.14495344,
      "system": 0.006035264000000001,
      "min": 20.0890470079,
      "max": 20.2531659309,
      "times": [
        20.1446741729,
        20.1213498659,
        20.1444927979,
        20.1437609139,
        20.1766400459,
        20.1390308759,
        20.1063140539,
        20.0890470079,
        20.1477151259,
        20.1234304239,
        20.1507746779,
        20.1311483049,
        20.2227424049,
        20.1573192319,
        20.1310913629,
        20.1601118319,
        20.1031809639,
        20.1367710219,
        20.1920240209,
        20.203228785900002,
        20.1271410129,
        20.161946219900003,
        20.2531659309,
        20.175612036900002,
        20.1611627339
      ],
      "exit_codes": [
        0,
        0,
        0,
        0,
        0,
        0,
        0,
        0,
        0,
        0,
        0,
        0,
        0,
        0,
        0,
        0,
        0,
        0,
        0,
        0,
        0,
        0,
        0,
        0,
        0
      ],
      "parameters": {
        "n": "ad"
      }
    },
    {
      "command": "taskset -c 0 ./furuta-0.exe --output-only-last --step-size 1 --rtol 1.e-5 --atol 1.e-7 --interval 1000",
      "mean": 17.270929168819997,
      "stddev": 0.04589943785046972,
      "median": 17.2612763109,
      "user": 17.264504920000004,
      "system": 0.005453048,
      "min": 17.193906498900002,
      "max": 17.3868189049,
      "times": [
        17.2545019549,
        17.2612763109,
        17.2468933369,
        17.2903235279,
        17.257016863900002,
        17.2731918799,
        17.3165886059,
        17.3850637649,
        17.244396802900003,
        17.2769516359,
        17.193906498900002,
        17.242177760900002,
        17.2344451129,
        17.322818110900002,
        17.211254683900002,
        17.305227922900002,
        17.2621150989,
        17.226016209900003,
        17.255128614900002,
        17.237683217900003,
        17.3868189049,
        17.293501493900003,
        17.2717616919,
        17.2700807889,
        17.2540884249
      ],
      "exit_codes": [
        0,
        0,
        0,
        0,
        0,
        0,
        0,
        0,
        0,
        0,
        0,
        0,
        0,
        0,
        0,
        0,
        0,
        0,
        0,
        0,
        0,
        0,
        0,
        0,
        0
      ],
      "parameters": {
        "n": "0"
      }
    },
    {
      "command": "taskset -c 0 ./furuta-1.exe --output-only-last --step-size 1 --rtol 1.e-5 --atol 1.e-7 --interval 1000",
      "mean": 16.4834986625,
      "stddev": 0.036601878136008875,
      "median": 16.4814910099,
      "user": 16.47624412,
      "system": 0.006198344,
      "min": 16.4289887509,
      "max": 16.595048151900002,
      "times": [
        16.477484211900002,
        16.4685329019,
        16.437594302900003,
        16.595048151900002,
        16.4909539549,
        16.4866658939,
        16.4747592029,
        16.4814910099,
        16.461007837900002,
        16.4485695459,
        16.511173994900002,
        16.5156752339,
        16.5001780169,
        16.484359158900002,
        16.5008533679,
        16.4498885689,
        16.5506429639,
        16.4652703109,
        16.4289887509,
        16.4818193429,
        16.498456592900002,
        16.5091975319,
        16.4302201239,
        16.4662016189,
        16.472433970900003
      ],
      "exit_codes": [
        0,
        0,
        0,
        0,
        0,
        0,
        0,
        0,
        0,
        0,
        0,
        0,
        0,
        0,
        0,
        0,
        0,
        0,
        0,
        0,
        0,
        0,
        0,
        0,
        0
      ],
      "parameters": {
        "n": "1"
      }
    },
    {
      "command": "taskset -c 0 ./furuta-2.exe --output-only-last --step-size 1 --rtol 1.e-5 --atol 1.e-7 --interval 1000",
      "mean": 15.652330548779997,
      "stddev": 0.04635279878019282,
      "median": 15.6559196749,
      "user": 15.644867119999999,
      "system": 0.0063869680000000015,
      "min": 15.5844170349,
      "max": 15.805280394899999,
      "times": [
        15.6431112339,
        15.5844170349,
        15.657030837899999,
        15.6319478079,
        15.608665887899999,
        15.696953511899999,
        15.6837693659,
        15.664396803899999,
        15.664782384899999,
        15.6503147319,
        15.666452787899999,
        15.657401627899999,
        15.6513320359,
        15.6011383319,
        15.672343763899999,
        15.6559196749,
        15.805280394899999,
        15.705404993899998,
        15.6506785659,
        15.5898321149,
        15.6838852529,
        15.6561735209,
        15.637144638899999,
        15.599006870899998,
        15.5908795429
      ],
      "exit_codes": [
        0,
        0,
        0,
        0,
        0,
        0,
        0,
        0,
        0,
        0,
        0,
        0,
        0,
        0,
        0,
        0,
        0,
        0,
        0,
        0,
        0,
        0,
        0,
        0,
        0
      ],
      "parameters": {
        "n": "2"
      }
    },
    {
      "command": "taskset -c 0 ./furuta-3.exe --output-only-last --step-size 1 --rtol 1.e-5 --atol 1.e-7 --interval 1000",
      "mean": 15.352885347019997,
      "stddev": 0.05081103216212571,
      "median": 15.3324080679,
      "user": 15.346279799999998,
      "system": 0.005586792,
      "min": 15.290257876899998,
      "max": 15.4859658049,
      "times": [
        15.3114459469,
        15.290257876899998,
        15.3756071399,
        15.3831357939,
        15.331041573899999,
        15.3845584189,
        15.416836287899999,
        15.329841903899998,
        15.3191866769,
        15.372010269899999,
        15.3324080679,
        15.4478929719,
        15.4249339229,
        15.294072352899999,
        15.341794133899999,
        15.325354665899999,
        15.2964818499,
        15.310691219899999,
        15.378165378899999,
        15.312989774899998,
        15.326406302899999,
        15.355043541899999,
        15.3043835379,
        15.3716282599,
        15.4859658049
      ],
      "exit_codes": [
        0,
        0,
        0,
        0,
        0,
        0,
        0,
        0,
        0,
        0,
        0,
        0,
        0,
        0,
        0,
        0,
        0,
        0,
        0,
        0,
        0,
        0,
        0,
        0,
        0
      ],
      "parameters": {
        "n": "3"
      }
    },
    {
      "command": "taskset -c 0 ./furuta-4.exe --output-only-last --step-size 1 --rtol 1.e-5 --atol 1.e-7 --interval 1000",
      "mean": 13.849419739619998,
      "stddev": 0.040707368536538745,
      "median": 13.8614659929,
      "user": 13.842692760000002,
      "system": 0.0057628,
      "min": 13.7804289779,
      "max": 13.911001664899999,
      "times": [
        13.7804289779,
        13.906826982899998,
        13.8960044559,
        13.8675693209,
        13.888070337899999,
        13.8635610769,
        13.8076504989,
        13.800187896899999,
        13.822513982899999,
        13.8747331309,
        13.8424688689,
        13.8734746849,
        13.826781110899999,
        13.8781331419,
        13.838390451899999,
        13.9058615539,
        13.911001664899999,
        13.8595088399,
        13.861806736899998,
        13.8154477449,
        13.785720611899999,
        13.8792353269,
        13.8614659929,
        13.7810414929,
        13.807608604899999
      ],