{
  "results": [
    {
      "command": "taskset -c 0 ./furuta-0.jac.exe --seed 0 4108",
      "mean": 7.836781814099998,
      "stddev": 0.04162337230122346,
      "median": 7.8292095911,
      "user": 7.8325482399999995,
      "system": 0.0037397272000000005,
      "min": 7.7684879061,
      "max": 7.917189642099999,
      "times": [
        7.8203709891,
        7.906669422099999,
        7.8930792981,
        7.8177877791,
        7.8133796721,
        7.8485715870999995,
        7.817758642099999,
        7.8067531201,
        7.8292095911,
        7.819164531099999,
        7.8614930271,
        7.865511660099999,
        7.917189642099999,
        7.8809853781,
        7.7978854081,
        7.873514850099999,
        7.7866635471,
        7.8295608550999996,
        7.8070739820999995,
        7.7819846871,
        7.7861180360999995,
        7.8655219701,
        7.8943540021,
        7.830455769099999,
        7.7684879061
      ],
      "exit_codes": [
        0,
        0,
        0,
        0,
        0,
        0,
        0,
        0,
        0,
        0,
        0,
        0,
        0,
        0,
        0,
        0,
        0,
        0,
        0,
        0,
        0,
        0,
        0,
        0,
        0
      ],
      "parameters": {
        "n": "0"
      }
    },
    {
      "command": "taskset -c 0 ./furuta-1.jac.exe --seed 0 4108",
      "mean": 7.934037657540001,
      "stddev": 0.02493263204122227,
      "median": 7.9298701551,
      "user": 7.929168,
      "system": 0.0043640744,
      "min": 7.8870303411,
      "max": 7.9747231381,
      "times": [
        7.9158967801,
        7.9166687971,
        7.9396747061,
        7.9747231381,
        7.9643537781,
        7.9234881201,
        7.9239768001,
        7.9582630681,
        7.9418504401,
        7.965852863099999,
        7.8941073311,
        7.9269286281,
        7.9723819161,
        7.9196230441,
        7.9614926901,
        7.958885181099999,
        7.9348446160999995,
        7.9549570811,
        7.9052842911,
        7.8870303411,
        7.9098435311,
        7.940076214099999,
        7.9298701551,
        7.9029960201,
        7.9278719071
      ],
      "exit_codes": [
        0,
        0,
        0,
        0,
        0,
        0,
        0,
        0,
        0,
        0,
        0,
        0,
        0,
        0,
        0,
        0,
        0,
        0,
        0,
        0,
        0,
        0,
        0,
        0,
        0
      ],
      "parameters": {
        "n": "1"
      }
    },
    {
      "command": "taskset -c 0 ./furuta-2.jac.exe --seed 0 4108",
      "mean": 6.589392440219999,
      "stddev": 0.011465041668405746,
      "median": 6.590584950099999,
      "user": 6.584302599999997,
      "system": 0.004659447200000002,
      "min": 6.5737242101,
      "max": 6.6146028030999995,
      "times": [
        6.594609431099999,
        6.6146028030999995,
        6.5737242101,
        6.590584950099999,
        6.5937334971,
        6.580112446099999,
        6.5786342661,
        6.5861879771,
        6.5903019511,
        6.5938742591,
        6.5949885261,
        6.5942704371,
        6.5821182601,
        6.5748623551,
        6.5749842501,
        6.5788283691,
        6.5947153721,
        6.5790300021,
        6.612457560099999,
        6.592290838099999,
        6.5796478271,
        6.5781347211,
        6.6076055481,
        6.598157502099999,
        6.5963536461
      ],
      "exit_codes": [
        0,
        0,
        0,
        0,
        0,
        0,
        0,
        0,
        0,
        0,
        0,
        0,
        0,
        0,
        0,
        0,
        0,
        0,
        0,
        0,
        0,
        0,
        0,
        0,
        0
      ],
      "parameters": {
        "n": "2"
      }
    },
    {
      "command": "taskset -c 0 ./furuta-3.jac.exe --seed 0 4108",
      "mean": 5.8744541659,
      "stddev": 0.0170026179670577,
      "median": 5.8734572211,
      "user": 5.87108064,
      "system": 0.0030259679999999995,
      "min": 5.8476900101,
      "max": 5.9210324991,
      "times": [
        5.8643251701,
        5.8587664361,
        5.878650675099999,
        5.8825860881,
        5.8936534031,
        5.8660802311,
        5.9210324991,
        5.8734572211,
        5.873760005099999,
        5.898578564099999,
        5.8667050491,
        5.8476900101,
        5.8818183561,
        5.882738370099999,
        5.8748588511,
        5.905436829099999,
        5.8793871121,
        5.8758322341,
        5.8627811461,
        5.8617611741,
        5.848377796099999,
        5.8659188240999995,
        5.8560357310999995,
        5.8684804521,
        5.872641919099999
      ],
      "exit_codes": [
        0,
        0,
        0,
        0,
        0,
        0,
        0,
        0,
        0,
        0,
        0,
        0,
        0,
        0,
        0,
        0,
        0,
        0,
        0,
        0,
        0,
        0,
        0,
        0,
        0
      ],
      "parameters": {
        "n": "3"
      }
    },
    {
      "command": "taskset -c 0 ./furuta-4.jac.exe --seed 0 4108",
      "mean": 4.773154581859999,
      "stddev": 0.010736072695767903,
      "median": 4.7687232181,
      "user": 4.7686031600000005,
      "system": 0.004228020800000001,
      "min": 4.7577346821,
      "max": 4.8036991901,
      "times": [
        4.7681343971,
        4.767704978099999,
        4.7830332411,
        4.7856759921,
        4.7785807701,
        4.7684291851,
        4.8036991901,
        4.7818925410999995,
        4.7787255560999995,
        4.7615303871,
        4.774961516099999,
        4.7687232181,
        4.7759768891,
        4.7675302581,
        4.7652652821,
        4.789525514099999,
        4.7836347430999995,
        4.7654797770999995,
        4.7667913561,
        4.7626160991,
        4.765294991099999,
        4.7745109161,
        4.7577346821,
        4.7748370981,
        4.7585759681
      ],
      "exit_codes": [
        0,
        0,
        0,
        0,
        0,
        0,
        0,
        0,
        0,
        0,
        0,
        0,
        0,
        0,
        0,
        0,
        0,
        0,
        0,
        0,
        0,
        0,
        0,
        0,
        0
      ],
      "parameters": {
        "n": "4"
      }
    },
    {
      "command": "taskset -c 0 ./furuta-5.jac.exe --seed 0 4108",
      "mean": 4.31745130998,
      "stddev": 0.014939609576830926,
      "median": 4.3164803261,
      "user": 4.31236968,
      "system": 0.004772140800000001,
      "min": 4.295503226099999,
      "max": 4.3460526481,
      "times": [
        4.3022389291,
        4.295503226099999,
        4.2964772690999995,
        4.3116075951,
        4.3454553061,
        4.3183628521,
        4.3061006901,
        4.3187698861,
        4.305823462099999,
        4.3239692141,
        4.3018413561,
        4.3424920511,
        4.3068765891,
        4.3267373141,
        4.3150595061,
        4.3029033190999995,
        4.3409825311,
        4.3164803261,
        4.3113889541,
        4.3103181861,
        4.3204188891,
        4.3460526481,
        4.335313666099999,
        4.3184873941,
        4.3166215890999995
      ],
      "exit_codes": [
        0,
        0,
        0,
        0,
        0,
        0,
        0,
        0,
        0,
        0,
        0,
        0,
        0,
        0,
        0,
        0,
        0,
        0,
        0,
        0,
        0,
        0,
        0,
        0,
        0
      ],
      "parameters": {
        "n": "5"
      }
    },
    {
      "command": "taskset -c 0 ./furuta-6.jac.exe --seed 0 4108",
      "mean": 3.64219726582,
      "stddev": 0.008642595125861637,
      "median": 3.6419704941,
      "user": 3.639193,
      "system": 0.0027673015999999996,
      "min": 3.6310843841000002,
      "max": 3.6735907841000004,