{
  "results": [
    {
      "command": "taskset -c 0 ./pendulum-ad.res.exe --seed 0 231687",
      "mean": 0.10718069353999998,
      "stddev": 0.0037378701769106427,
      "median": 0.10564377946,
      "user": 0.10502373999999999,
      "system": 0.0022148112,
      "min": 0.10425200646,
      "max": 0.11860378546000001,
      "times": [
        0.10545542646000002,
        0.10953943646000001,
        0.11019724246000001,
        0.10883025446000001,
        0.10571374146000001,
        0.10442614046000001,
        0.10531701046000001,
        0.10564377946,
        0.10533469246,
        0.10573334746000002,
        0.11790272246000001,
        0.10898206646000001,
        0.10733018546,
        0.10512517146000001,
        0.10704216846,
        0.10488581846000002,
        0.10544755946,
        0.10487583846000001,
        0.10600585646,
        0.10451220646,
        0.10519301046000001,
        0.10491101546,
        0.10425200646,
        0.10825685546000001,
        0.11860378546000001
      ],
      "exit_codes": [
        0,
        0,
        0,
        0,
        0,
        0,
        0,
        0,
        0,
        0,
        0,
        0,
        0,
        0,
        0,
        0,
        0,
        0,
        0,
        0,
        0,
        0,
        0,
        0,
        0
      ],
      "parameters": {
        "n": "ad"
      }
    },
    {
      "command": "taskset -c 0 ./pendulum-0.res.exe --seed 0 231687",
      "mean": 0.10283586842000002,
      "stddev": 0.00482825544866887,
      "median": 0.10125545846,
      "user": 0.10139077999999997,
      "system": 0.0015163695999999998,
      "min": 0.09989997946000001,
      "max": 0.12173894246000001,
      "times": [
        0.10186926846000001,
        0.10124325046,
        0.10186200646000002,
        0.09989997946000001,
        0.10087437246000001,
        0.10134375746,
        0.10119097746000001,
        0.10533253846000001,
        0.10069839246000001,
        0.12173894246000001,
        0.10055228746000001,
        0.10130134046000001,
        0.10124767646,
        0.09992198446000002,
        0.10125545846,
        0.09995724746000001,
        0.10072837546,
        0.10152180946000001,
        0.10083222646000001,
        0.10182594546000001,
        0.10440237246,
        0.10504224746000002,
        0.10038397846000001,
        0.11357580546000001,
        0.10229446946000001
      ],
      "exit_codes": [
        0,
        0,
        0,
        0,
        0,
        0,
        0,
        0,
        0,
        0,
        0,
        0,
        0,
        0,
        0,
        0,
        0,
        0,
        0,
        0,
        0,
        0,
        0,
        0,
        0
      ],
      "parameters": {
        "n": "0"
      }
    }
  ]
}
