{
  "results": [
    {
      "command": "taskset -c 0 ./furuta-ad.res.exe --seed 0 105602",
      "mean": 5.947895305600001,
      "stddev": 0.022691660853894915,
      "median": 5.9412732773600005,
      "user": 5.944815279999999,
      "system": 0.002759068,
      "min": 5.922333354360001,
      "max": 6.0018314123600005,
      "times": [
        5.994180835360001,
        5.996681988360001,
        5.98681661336,
        6.0018314123600005,
        5.944724440360001,
        5.93444131836,
        5.92794623336,
        5.9376783273600005,
        5.9563207913600005,
        5.93177095736,
        5.93931610236,
        5.92446556436,
        5.94325411536,
        5.938467458360001,
        5.94453131836,
        5.9412732773600005,
        5.94958422136,
        5.94246889736,
        5.932886825360001,
        5.93878735336,
        5.922333354360001,
        5.9344143453600005,
        5.93071696536,
        5.95851379936,
        5.943976124360001
      ],
      "exit_codes": [
        0,
        0,
        0,
        0,
        0,
        0,
        0,
        0,
        0,
        0,
        0,
        0,
        0,
        0,
        0,
        0,
        0,
        0,
        0,
        0,
        0,
        0,
        0,
        0,
        0
      ],
      "parameters": {
        "n": "ad"
      }
    },
    {
      "command": "taskset -c 0 ./furuta-0.res.exe --seed 0 105602",
      "mean": 3.5247638985200007,
      "stddev": 0.01602350045576065,
      "median": 3.51930130036,
      "user": 3.522214199999999,
      "system": 0.0023921888000000007,
      "min": 3.50681701436,
      "max": 3.57120281136,
      "times": [
        3.51575504336,
        3.51805898336,
        3.52287514136,
        3.52529049536,
        3.52100412236,
        3.51788479036,
        3.51362318436,
        3.51493606036,
        3.51091508436,
        3.53737655836,
        3.51930130036,
        3.57120281136,
        3.52092904536,
        3.52929730836,
        3.50985988636,
        3.53540758936,
        3.52610915636,
        3.51669976736,
        3.50681701436,
        3.52677095436,
        3.51583085936,
        3.56943453536,
        3.51738824836,
        3.54033498536,
        3.51599453736
      ],
      "exit_codes": [
        0,
        0,
        0,
        0,
        0,
        0,
        0,
        0,
        0,
        0,
        0,
        0,
        0,
        0,
        0,
        0,
        0,
        0,
        0,
        0,
        0,
        0,
        0,
        0,
        0
      ],
      "parameters": {
        "n": "0"
      }
    }
  ]
}
