{
  "results": [
    {
      "command": "taskset -c 0 ./cauer_100-0.jac.exe --seed 0 2900",
      "mean": 3.9109376215200014,
      "stddev": 0.007531617674140806,
      "median": 3.90866539076,
      "user": 3.89076748,
      "system": 0.019799539999999997,
      "min": 3.90152906176,
      "max": 3.9253926937599997,
      "times": [
        3.90695077976,
        3.9029017747599997,
        3.9079403557599997,
        3.90215941276,
        3.9018970347599997,
        3.90152906176,
        3.92001875676,
        3.91855963576,
        3.91651197276,
        3.91631874576,
        3.90708074376,
        3.91751150176,
        3.9253926937599997,
        3.91971090776,
        3.91782436376,
        3.9017353827599996,
        3.9149514067599998,
        3.91861525276,
        3.90723270076,
        3.91895697376,
        3.90516923676,
        3.90225915576,
        3.91159070176,
        3.90195659476,
        3.90866539076
      ],
      "exit_codes": [
        0,
        0,
        0,
        0,
        0,
        0,
        0,
        0,
        0,
        0,
        0,
        0,
        0,
        0,
        0,
        0,
        0,
        0,
        0,
        0,
        0,
        0,
        0,
        0,
        0
      ],
      "parameters": {
        "n": "0"
      }
    },
    {
      "command": "taskset -c 0 ./cauer_100-1.jac.exe --seed 0 2900",
      "mean": 4.267552568480001,
      "stddev": 0.006997761170367286,
      "median": 4.26562900476,
      "user": 3.12190616,
      "system": 1.1452042999999998,
      "min": 4.2578224247600005,
      "max": 4.28885002076,
      "times": [
        4.27169437376,
        4.26562900476,
        4.2692307747600005,
        4.2652380697600005,
        4.26078054676,
        4.27041350876,
        4.26914289576,
        4.26212536276,
        4.26127245176,
        4.26343970776,
        4.26305565076,
        4.26342933776,
        4.27346463676,
        4.26180555176,
        4.27064479976,
        4.2739780757600006,
        4.28090485776,
        4.26886272876,
        4.25904250576,
        4.26324195176,
        4.2578224247600005,
        4.27238828876,
        4.28885002076,
        4.2670033617600005,
        4.26535332276
      ],
      "exit_codes": [
        0,
        0,
        0,
        0,
        0,
        0,
        0,
        0,
        0,
        0,
        0,
        0,
        0,
        0,
        0,
        0,
        0,
        0,
        0,
        0,
        0,
        0,
        0,
        0,
        0
      ],
      "parameters": {
        "n": "1"
      }
    },
    {
      "command": "taskset -c 0 ./cauer_100-2.jac.exe --seed 0 2900",
      "mean": 0.19455261276,
      "stddev": 0.00059829874492535,
      "median": 0.19455718476000003,
      "user": 0.16654652000000003,
      "system": 0.027988899999999997,
      "min": 0.19365577776,
      "max": 0.19600649376,
      "times": [
        0.19448080076000002,
        0.19480416176,
        0.19421495376000003,
        0.19440398576,
        0.19420064576,
        0.19541880576,
        0.19463695676,
        0.19386013276000003,
        0.19456079176000002,
        0.19368656276000001,
        0.19408785976,
        0.19486636876000002,
        0.19365577776,
        0.19497644576000003,
        0.19467426376000002,
        0.19600649376,
        0.19455718476000003,
        0.19396353276000003,
        0.19410429476000002,
        0.19507079976000002,
        0.19438668576,
        0.19541674876,
        0.19490693076,
        0.19518057576000003,
        0.19369355876000002
      ],
      "exit_codes": [
        0,
        0,
        0,
        0,
        0,
        0,
        0,
        0,
        0,
        0,
        0,
        0,
        0,
        0,
        0,
        0,
        0,
        0,
        0,
        0,
        0,
        0,
        0,
        0,
        0
      ],
      "parameters": {
        "n": "2"
      }
    }
  ]
}
