{
  "results": [
    {
      "command": "taskset -c 0 ./cauer_10-ad.exe --output-only-last --step-size 1 --rtol 1.e-5 --atol 1.e-7 --interval 10000",
      "mean": 1.3806784806799999,
      "stddev": 0.004379204852477574,
      "median": 1.38065412308,
      "user": 1.37813098,
      "system": 0.0025096216,
      "min": 1.37305792208,
      "max": 1.39416730408,
      "times": [
        1.38304461908,
        1.38972481008,
        1.37901135508,
        1.37896967708,
        1.38001895908,
        1.38235146908,
        1.38065412308,
        1.37755046208,
        1.38081057008,
        1.38295482708,
        1.38078517808,
        1.37305792208,
        1.38429114308,
        1.37617178508,
        1.38077261208,
        1.38070965808,
        1.39416730408,
        1.37616706308,
        1.38134943608,
        1.38332681508,
        1.37606499008,
        1.37646699008,
        1.38037713208,
        1.37776373108,
        1.38039938508
      ],
      "exit_codes": [
        0,
        0,
        0,
        0,
        0,
        0,
        0,
        0,
        0,
        0,
        0,
        0,
        0,
        0,
        0,
        0,
        0,
        0,
        0,
        0,
        0,
        0,
        0,
        0,
        0
      ],
      "parameters": {
        "n": "ad"
      }
    },
    {
      "command": "taskset -c 0 ./cauer_10-0.exe --output-only-last --step-size 1 --rtol 1.e-5 --atol 1.e-7 --interval 10000",
      "mean": 1.3962326425999996,
      "stddev": 0.004909195945165185,
      "median": 1.39467694208,
      "user": 1.39314766,
      "system": 0.0031306312,
      "min": 1.39005463508,
      "max": 1.41073030808,
      "times": [
        1.41073030808,
        1.39881665408,
        1.39863296008,
        1.39209889508,
        1.40590404608,
        1.39854429008,
        1.39171169608,
        1.39116165208,
        1.39148348008,
        1.39867093108,
        1.39222060108,
        1.39535661508,
        1.39005463508,
        1.39443105608,
        1.39652737408,
        1.40206348208,
        1.39372598808,
        1.40056402708,
        1.39467694208,
        1.39344580908,
        1.39438127308,
        1.39607078008,
        1.39152084208,
        1.39893565208,
        1.39408607508
      ],
      "exit_codes": [
        0,
        0,
        0,
        0,
        0,
        0,
        0,
        0,
        0,
        0,
        0,
        0,
        0,
        0,
        0,
        0,
        0,
        0,
        0,
        0,
        0,
        0,
        0,
        0,
        0
      ],
      "parameters": {
        "n": "0"
      }
    },
    {
      "command": "taskset -c 0 ./cauer_10-1.exe --output-only-last --step-size 1 --rtol 1.e-5 --atol 1.e-7 --interval 10000",
      "mean": 1.37674381656,
      "stddev": 0.021591444570118613,
      "median": 1.36968433308,
      "user": 1.37386762,
      "system": 0.0029182960000000003,
      "min": 1.3658995360800001,
      "max": 1.47280320508,
      "times": [
        1.37187451308,
        1.36961934808,
        1.36900090208,
        1.36787719608,
        1.37130611308,
        1.36951074708,
        1.3658995360800001,
        1.37813843308,
        1.37576130908,
        1.36844005208,
        1.36745926908,
        1.36776751508,
        1.3783859890799999,
        1.37640509308,
        1.37082394008,
        1.40587629908,
        1.36830450208,
        1.47280320508,
        1.37072172608,
        1.36657926408,
        1.38006932508,
        1.36847343108,
        1.3681081210800001,
        1.36968433308,
        1.37970525108
      ],
      "exit_codes": [
        0,
        0,
        0,
        0,
        0,
        0,
        0,
        0,
        0,
        0,
        0,
        0,
        0,
        0,
        0,
        0,
        0,
        0,
        0,
        0,
        0,
        0,
        0,
        0,
        0
      ],
      "parameters": {
        "n": "1"
      }
    },
    {
      "command": "taskset -c 0 ./cauer_10-2.exe --output-only-last --step-size 1 --rtol 1.e-5 --atol 1.e-7 --interval 10000",
      "mean": 1.36553160016,
      "stddev": 0.005557870001176594,
      "median": 1.36481820208,
      "user": 1.36301006,
      "system": 0.0025876616000000004,
      "min": 1.3556835280800001,
      "max": 1.37981011508,
      "times": [
        1.36481820208,
        1.36598926008,
        1.36699327308,
        1.37520341708,
        1.36108523508,
        1.36951318908,
        1.36625106408,
        1.36105324908,
        1.36408800908,
        1.36276542508,
        1.36324770708,
        1.36729694108,
        1.37981011508,
        1.36023999208,
        1.36659145508,
        1.36770452608,
        1.3556835280800001,
        1.36467430208,
        1.36810853508,
        1.36091115608,
        1.35863858408,
        1.36753061208,
        1.35952050008,
        1.37638564708,
        1.36418607908
      ],
      "exit_codes": [
        0,
        0,
        0,
        0,
        0,
        0,
        0,
        0,
        0,
        0,
        0,
        0,
        0,
        0,
        0,
        0,
        0,
        0,
        0,
        0,
        0,
        0,
        0,
        0,
        0
      ],
      "parameters": {
        "n": "2"
      }
    }
  ]
}
