{
  "results": [
    {
      "command": "taskset -c 0 ./furuta-ad.exe --output-only-last --step-size 1 --rtol 1.e-5 --atol 1.e-7 --interval 1000",
      "mean": 20.16988398104,
      "stddev": 0.037196039909924726,
      "median": 20.16830160684,
      "user": 20.1623257,
      "system": 0.0062789224,
      "min": 20.10354871684,
      "max": 20.24174925784,
      "times": [
        20.10354871684,
        20.19044533484,
        20.10885650884,
        20.13860921784,
        20.20034270084,
        20.11939372484,
        20.16215697884,
        20.19620775784,
        20.24174925784,
        20.15184842884,
        20.16830160684,
        20.17057053784,
        20.19095809784,
        20.13868817584,
        20.21192526984,
        20.15267626184,
        20.22408767284,
        20.15359080984,
        20.19191411484,
        20.15390652984,
        20.19099752384,
        20.12805124084,
        20.233019549839998,
        20.15156358184,
        20.17368992484
      ],
      "exit_codes": [
        0,
        0,
        0,
        0,
        0,
        0,
        0,
        0,
        0,
        0,
        0,
        0,
        0,
        0,
        0,
        0,
        0,
        0,
        0,
        0,
        0,
        0,
        0,
        0,
        0
      ],
      "parameters": {
        "n": "ad"
      }
    },
    {
      "command": "taskset -c 0 ./furuta-0.exe --output-only-last --step-size 1 --rtol 1.e-5 --atol 1.e-7 --interval 1000",
      "mean": 17.293763073240005,
      "stddev": 0.04103252166728167,
      "median": 17.29857867284,
      "user": 17.28537574,
      "system": 0.007194491200000002,
      "min": 17.22715078184,
      "max": 17.38782073784,
      "times": [
        17.27235977084,
        17.30153175384,
        17.33235018184,
        17.31644369084,
        17.22715078184,
        17.32455101184,
        17.29857867284,
        17.30199515684,
        17.33235210584,
        17.25101376484,
        17.26974895984,
        17.31763615984,
        17.25748070284,
        17.35019475384,
        17.26728177484,
        17.34140013284,
        17.24517054684,
        17.32817437584,
        17.29841399484,
        17.38782073784,
        17.28542264784,
        17.23777711884,
        17.23327199784,
        17.30495292784,
        17.26100310784
      ],
      "exit_codes": [
        0,
        0,
        0,
        0,
        0,
        0,
        0,
        0,
        0,
        0,
        0,
        0,
        0,
        0,
        0,
        0,
        0,
        0,
        0,
        0,
        0,
        0,
        0,
        0,
        0
      ],
      "parameters": {
        "n": "0"
      }
    },
    {
      "command": "taskset -c 0 ./furuta-1.exe --output-only-last --step-size 1 --rtol 1.e-5 --atol 1.e-7 --interval 1000",
      "mean": 16.50967879716,
      "stddev": 0.04814960850089318,
      "median": 16.50617685684,
      "user": 16.50342434,
      "system": 0.0051481936,
      "min": 16.44472188584,
      "max": 16.67504646484,
      "times": [
        16.46553916284,
        16.50617685684,
        16.52904798784,
        16.45946849584,
        16.44472188584,
        16.53265527984,
        16.54049946184,
        16.49570319684,
        16.56930008884,
        16.67504646484,
        16.50318571784,
        16.47442050484,
        16.45317793284,
        16.53737928184,
        16.51238975684,
        16.48726955684,
        16.53634770784,
        16.48020454584,
        16.47390348784,
        16.51737945184,
        16.51705436784,
        16.55633922884,
        16.50340778484,
        16.51644823384,
        16.45490348784
      ],
      "exit_codes": [
        0,
        0,
        0,
        0,
        0,
        0,
        0,
        0,
        0,
        0,
        0,
        0,
        0,
        0,
        0,
        0,
        0,
        0,
        0,
        0,
        0,
        0,
        0,
        0,
        0
      ],
      "parameters": {
        "n": "1"
      }
    },
    {
      "command": "taskset -c 0 ./furuta-2.exe --output-only-last --step-size 1 --rtol 1.e-5 --atol 1.e-7 --interval 1000",
      "mean": 15.65778899076,
      "stddev": 0.027527358832122192,
      "median": 15.661689557839999,
      "user": 15.65069202,
      "system": 0.0060723848,
      "min": 15.60188298884,
      "max": 15.71159895984,
      "times": [
        15.62234875584,
        15.652448636839999,
        15.66723713584,
        15.62956829584,
        15.71159895984,
        15.67173286684,
        15.67874542184,
        15.67340780584,
        15.71009531884,
        15.65602881084,
        15.67035525084,
        15.60188298884,
        15.66763728784,
        15.68941385884,
        15.673723043839999,
        15.64468862584,
        15.62210474284,
        15.661689557839999,
        15.636935318839999,
        15.66430530684,
        15.63453459084,
        15.68814220984,
        15.623101588839999,
        15.64891251584,
        15.64408587284
      ],
      "exit_codes": [
        0,
        0,
        0,
        0,
        0,
        0,
        0,
        0,
        0,
        0,
        0,
        0,
        0,
        0,
        0,
        0,
        0,
        0,
        0,
        0,
        0,
        0,
        0,
        0,
        0
      ],
      "parameters": {
        "n": "2"
      }
    },
    {
      "command": "taskset -c 0 ./furuta-3.exe --output-only-last --step-size 1 --rtol 1.e-5 --atol 1.e-7 --interval 1000",
      "mean": 15.33030683296,
      "stddev": 0.03594631503013673,
      "median": 15.331299400839999,
      "user": 15.323579100000003,
      "system": 0.0057482824,
      "min": 15.27085030284,
      "max": 15.40530116784,
      "times": [
        15.39996074084,
        15.34573370084,
        15.35346401384,
        15.36198173384,
        15.29151842884,
        15.378346003839999,
        15.40530116784,
        15.35698950484,
        15.350086832839999,
        15.29992060984,
        15.331299400839999,
        15.33746119984,
        15.31406971084,
        15.33110482484,
        15.29410949384,
        15.28282696884,
        15.27085030284,
        15.28666571984,
        15.291013122839999,
        15.34586081284,
        15.31170923084,
        15.315017512839999,
        15.30730943584,
        15.35496397284,
        15.34010637684
      ],
      "exit_codes": [
        0,
        0,
        0,
        0,
        0,
        0,
        0,
        0,
        0,
        0,
        0,
        0,
        0,
        0,
        0,
        0,
        0,
        0,
        0,
        0,
        0,
        0,
        0,
        0,
        0
      ],
      "parameters": {
        "n": "3"
      }
    },
    {
      "command": "taskset -c 0 ./furuta-4.exe --output-only-last --step-size 1 --rtol 1.e-5 --atol 1.e-7 --interval 1000",
      "mean": 13.849283204799999,
      "stddev": 0.0414720191074653,
      "median": 13.85129490084,
      "user": 13.843493259999997,
      "system": 0.004880855999999999,
      "min": 13.77358460184,
      "max": 13.94555855684,
      "times": [
        13.77358460184,
        13.86339508684,
        13.88555256484,
        13.837087778839999,
        13.88481361284,
        13.89357149384,
        13.94555855684,
        13.85129490084,
        13.89416077484,
        13.81100057584,
        13.82056992984,
        13.86854681384,
        13.91378305684,
        13.82715263784,
        13.86293239984,
        13.80699064584,
        13.83345468984,
        13.891478059839999,
        13.79409907384,
        13.855134849839999,
        13.81459437584,
        13.85277109184,
        13.83639715484,
        13.80300690884,
        13.81114848384
      ],