{
  "results": [
    {
      "command": "taskset -c 0 ./cauer_100-ad.jac.exe --seed 0 2900",
      "mean": 3.91028041594,
      "stddev": 0.0072791208032407986,
      "median": 3.9081681739000005,
      "user": 3.8901045599999997,
      "system": 0.019805959999999997,
      "min": 3.9008470289000003,
      "max": 3.9270141049,
      "times": [
        3.9068638089000003,
        3.9084636719000003,
        3.9035587149000004,
        3.9210756669,
        3.9152526359000004,
        3.9034638319000003,
        3.9171134149,
        3.9215499739000004,
        3.9053704589000002,
        3.9129196229,
        3.9047800259000005,
        3.9081681739000005,
        3.9052611069000003,
        3.9110941699,
        3.9073515029000006,
        3.9065979959000003,
        3.9041971849,
        3.9270141049,
        3.9185940659000003,
        3.9025220539000003,
        3.9131020909000003,
        3.9008470289000003,
        3.9016542129,
        3.9211056219000002,
        3.9090892579000003
      ],
      "exit_codes": [
        0,
        0,
        0,
        0,
        0,
        0,
        0,
        0,
        0,
        0,
        0,
        0,
        0,
        0,
        0,
        0,
        0,
        0,
        0,
        0,
        0,
        0,
        0,
        0,
        0
      ],
      "parameters": {
        "n": "ad"
      }
    },
    {
      "command": "taskset -c 0 ./cauer_100-0.jac.exe --seed 0 2900",
      "mean": 3.9109788591799997,
      "stddev": 0.007400102175216296,
      "median": 3.9114669579000005,
      "user": 3.8949214000000008,
      "system": 0.0158593616,
      "min": 3.9009267999,
      "max": 3.9217970689,
      "times": [
        3.9012032449,
        3.9114669579000005,
        3.9115046319,
        3.9170419059,
        3.9183124949000003,
        3.9206466939,
        3.9213851219,
        3.9018029739,
        3.9009267999,
        3.9132537419,
        3.9191603659000003,
        3.9029190509,
        3.9200087449,
        3.9055381549000003,
        3.9021342379000004,
        3.9021936849000003,
        3.9196290049000004,
        3.9052084299000005,
        3.9104206319000006,
        3.9086605939,
        3.9217970689,
        3.9028780069000004,
        3.9141431489000005,
        3.9150243669000004,
        3.9072114209000004
      ],
      "exit_codes": [
        0,
        0,
        0,
        0,
        0,
        0,
        0,
        0,
        0,
        0,
        0,
        0,
        0,
        0,
        0,
        0,
        0,
        0,
        0,
        0,
        0,
        0,
        0,
        0,
        0
      ],
      "parameters": {
        "n": "0"
      }
    },
    {
      "command": "taskset -c 0 ./cauer_100-1.jac.exe --seed 0 2900",
      "mean": 4.272058393539998,
      "stddev": 0.011827410434486306,
      "median": 4.2708143039,
      "user": 3.1316077199999994,
      "system": 1.1401894799999999,
      "min": 4.2543168659,
      "max": 4.3056482209,
      "times": [
        4.2670600139,
        4.282140410899999,
        4.2727675919,
        4.2708143039,
        4.2561812399,
        4.3056482209,
        4.2628086989,
        4.277685862899999,
        4.2623504109,
        4.2753384969,
        4.2722656399,
        4.2682982039,
        4.2750445629,
        4.2930354908999995,
        4.2641369229,
        4.2630229558999995,
        4.2654498629,
        4.2707938209,
        4.2641070859,
        4.2722167139,
        4.2543168659,
        4.2900448549,
        4.2810674399,
        4.2588372559,
        4.2760269109
      ],
      "exit_codes": [
        0,
        0,
        0,
        0,
        0,
        0,
        0,
        0,
        0,
        0,
        0,
        0,
        0,
        0,
        0,
        0,
        0,
        0,
        0,
        0,
        0,
        0,
        0,
        0,
        0
      ],
      "parameters": {
        "n": "1"
      }
    },
    {
      "command": "taskset -c 0 ./cauer_100-2.jac.exe --seed 0 2900",
      "mean": 0.19443917690000004,
      "stddev": 0.0009182334894940489,
      "median": 0.19449585390000002,
      "user": 0.16954644,
      "system": 0.024964040000000007,
      "min": 0.1929008409,
      "max": 0.1961400399,
      "times": [
        0.1948799839,
        0.1933844489,
        0.19417292590000002,
        0.1956681569,
        0.1945214099,
        0.19452336290000002,
        0.1936269739,
        0.19480775390000002,
        0.1931046009,
        0.19391881190000002,
        0.1944520049,
        0.1946423179,
        0.1935973909,
        0.19484308690000002,
        0.1929008409,
        0.19449585390000002,
        0.19357467290000002,
        0.19580159590000001,
        0.19420466590000002,
        0.1956782659,
        0.1961400399,
        0.1932587849,
        0.1944999859,
        0.19607221290000001,
        0.1942092739
      ],
      "exit_codes": [
        0,
        0,
        0,
        0,
        0,
        0,
        0,
        0,
        0,
        0,
        0,
        0,
        0,
        0,
        0,
        0,
        0,
        0,
        0,
        0,
        0,
        0,
        0,
        0,
        0
      ],
      "parameters": {
        "n": "2"
      }
    }
  ]
}
