{
  "results": [
    {
      "command": "taskset -c 0 ./cauer_10-ad.jac.exe --seed 0 2300",
      "mean": 0.07817167514,
      "stddev": 0.0003441446173432134,
      "median": 0.07817034198,
      "user": 0.07492085999999999,
      "system": 0.0032774391999999997,
      "min": 0.07742450498,
      "max": 0.07880908598,
      "times": [
        0.07819092998,
        0.07880908598,
        0.07830936798,
        0.07775006898,
        0.07786902498,
        0.07833038398,
        0.07817521998,
        0.07875733698,
        0.07742450498,
        0.07859097898,
        0.07796842098,
        0.07817034198,
        0.07816436098,
        0.07816217298,
        0.07777974498,
        0.07812207898,
        0.07834616298,
        0.07840265398,
        0.07835210398,
        0.07792495598,
        0.07775311898,
        0.07796707198,
        0.07826177998,
        0.07792022598,
        0.07878978098
      ],
      "exit_codes": [
        0,
        0,
        0,
        0,
        0,
        0,
        0,
        0,
        0,
        0,
        0,
        0,
        0,
        0,
        0,
        0,
        0,
        0,
        0,
        0,
        0,
        0,
        0,
        0,
        0
      ],
      "parameters": {
        "n": "ad"
      }
    },
    {
      "command": "taskset -c 0 ./cauer_10-0.jac.exe --seed 0 2300",
      "mean": 0.07820187318,
      "stddev": 0.00043446830299794805,
      "median": 0.07813418598,
      "user": 0.07601190000000001,
      "system": 0.0022614032,
      "min": 0.07741854598,
      "max": 0.07957983498,
      "times": [
        0.07825781998,
        0.07795681898,
        0.07804468098,
        0.07814889698,
        0.07849066398,
        0.07817292798,
        0.07826336698,
        0.07845185698,
        0.07813418598,
        0.07795032798,
        0.07762729998,
        0.07782818198,
        0.07800360298,
        0.07741854598,
        0.07957983498,
        0.07809879098,
        0.07806518798,
        0.07859286198,
        0.07810306198,
        0.07789160898,
        0.07874764998,
        0.07815665998,
        0.07782983898,
        0.07887112998,
        0.07836102598
      ],
      "exit_codes": [
        0,
        0,
        0,
        0,
        0,
        0,
        0,
        0,
        0,
        0,
        0,
        0,
        0,
        0,
        0,
        0,
        0,
        0,
        0,
        0,
        0,
        0,
        0,
        0,
        0
      ],
      "parameters": {
        "n": "0"
      }
    },
    {
      "command": "taskset -c 0 ./cauer_10-1.jac.exe --seed 0 2300",
      "mean": 0.06299579602,
      "stddev": 0.00024803678647740765,
      "median": 0.06300520998,
      "user": 0.06061474000000001,
      "system": 0.0025021176,
      "min": 0.06248498798000001,
      "max": 0.06355616698,
      "times": [
        0.06271268398,
        0.06280447698,
        0.06256795298,
        0.06300520998,
        0.06298303998,
        0.06278794198,
        0.06340948998,
        0.06305390498,
        0.06297525198,
        0.06280735998,
        0.06296450998,
        0.06285070398,
        0.06320112298,
        0.06300635798,
        0.06312251498,
        0.06279059998,
        0.06325920298,
        0.06311414598,
        0.06355616698,
        0.06303892797999999,
        0.06309588598,
        0.06318477298,
        0.06248498798000001,
        0.06326679698,
        0.06285088998
      ],
      "exit_codes": [
        0,
        0,
        0,
        0,
        0,
        0,
        0,
        0,
        0,
        0,
        0,
        0,
        0,
        0,
        0,
        0,
        0,
        0,
        0,
        0,
        0,
        0,
        0,
        0,
        0
      ],
      "parameters": {
        "n": "1"
      }
    },
    {
      "command": "taskset -c 0 ./cauer_10-2.jac.exe --seed 0 2300",
      "mean": 0.012300961539999999,
      "stddev": 0.0019663328877789457,
      "median": 0.011723089980000002,
      "user": 0.010592820000000003,
      "system": 0.0018257328,
      "min": 0.011591512980000001,
      "max": 0.01930841598,
      "times": [
        0.011861043980000001,
        0.01170064198,
        0.01178273198,
        0.011697759980000002,
        0.01163764098,
        0.011758680980000002,
        0.011723089980000002,
        0.01202983598,
        0.011932462980000001,
        0.011708588980000002,
        0.011639948980000002,
        0.011732028980000002,
        0.011748292980000002,
        0.011840569980000002,
        0.01162744098,
        0.011744724980000001,
        0.011716041980000001,
        0.011654304980000002,
        0.01168565298,
        0.011838810980000001,
        0.011591512980000001,
        0.011651612980000002,
        0.011605116980000002,
        0.01830708398,
        0.01930841598
      ],
      "exit_codes": [
        0,
        0,
        0,
        0,
        0,
        0,
        0,
        0,
        0,
        0,
        0,
        0,
        0,
        0,
        0,
        0,
        0,
        0,
        0,
        0,
        0,
        0,
        0,
        0,
        0
      ],
      "parameters": {
        "n": "2"
      }
    }
  ]
}
