{
  "results": [
    {
      "command": "taskset -c 0 ./furuta-ad.jac.exe --seed 0 4108",
      "mean": 7.82680750974,
      "stddev": 0.04572083492103573,
      "median": 7.83423172678,
      "user": 7.821967919999999,
      "system": 0.004382461599999999,
      "min": 7.75210080778,
      "max": 7.90599524478,
      "times": [
        7.87390046178,
        7.80394294078,
        7.79697119178,
        7.81265743278,
        7.80340836078,
        7.87855694978,
        7.90599524478,
        7.88560588278,
        7.8596164677800004,
        7.8414398287800005,
        7.80099874878,
        7.85269403578,
        7.76998231978,
        7.75954367078,
        7.86275263378,
        7.90571356978,
        7.85127778678,
        7.75210080778,
        7.77109078278,
        7.81867785478,
        7.78558858878,
        7.84057059278,
        7.83954758978,
        7.76332227278,
        7.83423172678
      ],
      "exit_codes": [
        0,
        0,
        0,
        0,
        0,
        0,
        0,
        0,
        0,
        0,
        0,
        0,
        0,
        0,
        0,
        0,
        0,
        0,
        0,
        0,
        0,
        0,
        0,
        0,
        0
      ],
      "parameters": {
        "n": "ad"
      }
    },
    {
      "command": "taskset -c 0 ./furuta-0.jac.exe --seed 0 4108",
      "mean": 7.81906358522,
      "stddev": 0.047910297910203764,
      "median": 7.80495824878,
      "user": 7.814259399999998,
      "system": 0.004328671999999999,
      "min": 7.75926411978,
      "max": 7.92780915878,
      "times": [
        7.80495824878,
        7.7893299667800004,
        7.83149820678,
        7.76964598878,
        7.78769943878,
        7.78711271178,
        7.88980833278,
        7.83617950878,
        7.91287758778,
        7.80889924678,
        7.87260098878,
        7.87676802778,
        7.83597327278,
        7.77728898778,
        7.7731696797800005,
        7.78192535078,
        7.77703613778,
        7.92780915878,
        7.75926411978,
        7.83633836678,
        7.7992167307799996,
        7.84848829378,
        7.8440355007800004,
        7.76599199378,
        7.78267378278
      ],
      "exit_codes": [
        0,
        0,
        0,
        0,
        0,
        0,
        0,
        0,
        0,
        0,
        0,
        0,
        0,
        0,
        0,
        0,
        0,
        0,
        0,
        0,
        0,
        0,
        0,
        0,
        0
      ],
      "parameters": {
        "n": "0"
      }
    },
    {
      "command": "taskset -c 0 ./furuta-1.jac.exe --seed 0 4108",
      "mean": 7.930064499140003,
      "stddev": 0.023313033264515795,
      "median": 7.9242932787800004,
      "user": 7.92517664,
      "system": 0.004390341599999999,
      "min": 7.88927114778,
      "max": 7.96648030078,
      "times": [
        7.96643166478,
        7.9242932787800004,
        7.96440199578,
        7.94277884578,
        7.92353823278,
        7.91152486278,
        7.93894162378,
        7.92572910978,
        7.95425259378,
        7.90899091178,
        7.94475962878,
        7.92275975978,
        7.88927114778,
        7.9096132277799995,
        7.96648030078,
        7.95452684278,
        7.91129121178,
        7.91442100378,
        7.92318273378,
        7.92443527878,
        7.96383584278,
        7.90893600678,
        7.90463792278,
        7.89782903178,
        7.9547494187800005
      ],
      "exit_codes": [
        0,
        0,
        0,
        0,
        0,
        0,
        0,
        0,
        0,
        0,
        0,
        0,
        0,
        0,
        0,
        0,
        0,
        0,
        0,
        0,
        0,
        0,
        0,
        0,
        0
      ],
      "parameters": {
        "n": "1"
      }
    },
    {
      "command": "taskset -c 0 ./furuta-2.jac.exe --seed 0 4108",
      "mean": 6.6045204241399995,
      "stddev": 0.014174424490888259,
      "median": 6.6021560607800005,
      "user": 6.5999174400000005,
      "system": 0.004181880799999999,
      "min": 6.58090743578,
      "max": 6.65148554578,
      "times": [
        6.58728459278,
        6.60871434678,
        6.62257634778,
        6.61555340478,
        6.60141043878,
        6.58090743578,
        6.60670361478,
        6.61677886678,
        6.59126969378,
        6.6021560607800005,
        6.59478030978,
        6.59065547078,
        6.61085737478,
        6.59089865378,
        6.65148554578,
        6.60146388378,
        6.59906628178,
        6.60115158478,
        6.61564445178,
        6.60573719678,
        6.61605374078,
        6.60221139978,
        6.6008857687799996,
        6.60474474978,
        6.5940193877799995
      ],
      "exit_codes": [
        0,
        0,
        0,
        0,
        0,
        0,
        0,
        0,
        0,
        0,
        0,
        0,
        0,
        0,
        0,
        0,
        0,
        0,
        0,
        0,
        0,
        0,
        0,
        0,
        0
      ],
      "parameters": {
        "n": "2"
      }
    },
    {
      "command": "taskset -c 0 ./furuta-3.jac.exe --seed 0 4108",
      "mean": 5.878671119860001,
      "stddev": 0.021595238737147478,
      "median": 5.87281032878,
      "user": 5.874518879999999,
      "system": 0.0037936024,
      "min": 5.84826515478,
      "max": 5.91928268378,
      "times": [
        5.85993898478,
        5.86507296378,
        5.86538446578,
        5.84826515478,
        5.86758630178,
        5.87313615278,
        5.85075719978,
        5.88556471978,
        5.88324235378,
        5.89851243378,
        5.86422379578,
        5.89936289478,
        5.91546511578,
        5.91178880078,
        5.8693823507800005,
        5.85778593278,
        5.87381846978,
        5.86487130278,
        5.87817576578,
        5.85608649978,
        5.87281032878,
        5.86603033678,
        5.91928268378,
        5.90844738878,
        5.91178559878
      ],
      "exit_codes": [
        0,
        0,
        0,
        0,
        0,
        0,
        0,
        0,
        0,
        0,
        0,
        0,
        0,
        0,
        0,
        0,
        0,
        0,
        0,
        0,
        0,
        0,
        0,
        0,
        0
      ],
      "parameters": {
        "n": "3"
      }
    },
    {
      "command": "taskset -c 0 ./furuta-4.jac.exe --seed 0 4108",
      "mean": 4.77239711714,
      "stddev": 0.014559477282979785,
      "median": 4.76721108778,
      "user": 4.76735456,
      "system": 0.004714411199999999,
      "min": 4.75644147378,
      "max": 4.82106777278,
      "times": [
        4.76639886378,
        4.77745862178,
        4.7731664907799995,
        4.7624799197800005,
        4.76328881478,
        4.75644147378,
        4.76411474978,
        4.76845647378,
        4.76721108778,
        4.76032855478,
        4.78541622578,
        4.76135425178,
        4.77515588278,
        4.77908080178,
        4.76639521378,
        4.77793984278,
        4.78391114178,
        4.7719643957799995,
        4.76262200678,
        4.76301736778,
        4.77411022978,
        4.80436128678,
        4.76182129978,
        4.76236515778,
        4.82106777278
      ],
      "exit_codes": [
        0,
        0,
        0,
        0,
        0,
        0,
        0,
        0,
        0,
        0,
        0,
        0,
        0,
        0,
        0,
        0,
        0,
        0,
        0,
        0,
        0,
        0,
        0,
        0,
        0
      ],
      "parameters": {
        "n": "4"
      }
    },
    {
      "command": "taskset -c 0 ./furuta-5.jac.exe --seed 0 4108",
      "mean": 4.300706041300001,
      "stddev": 0.006999565857866412,
      "median": 4.30039683378,
      "user": 4.296357640000001,
      "system": 0.004074471999999999,
      "min": 4.29032094478,
      "max": 4.32080402878,