{
  "results": [
    {
      "command": "taskset -c 0 ./cauer_100-ad.res.exe --seed 0 11493",
      "mean": 0.36723281783999995,
      "stddev": 0.0017880641307015603,
      "median": 0.36672433764,
      "user": 0.36390934,
      "system": 0.0032748159999999994,
      "min": 0.36534811664,
      "max": 0.37421185764000003,
      "times": [
        0.36671744564000003,
        0.36692194464,
        0.36619315764,
        0.36741047164,
        0.36619113864,
        0.36579683664,
        0.36747533764,
        0.36760636564,
        0.37421185764000003,
        0.36645418564,
        0.36868226864000003,
        0.36695091964000004,
        0.36723399364000003,
        0.36824098964,
        0.36593460464,
        0.36672433764,
        0.36612928264,
        0.36534811664,
        0.36745821564000003,
        0.37000083364,
        0.36603123864000003,
        0.36614378764,
        0.36657741164,
        0.36621487764,
        0.36817082664
      ],
      "exit_codes": [
        0,
        0,
        0,
        0,
        0,
        0,
        0,
        0,
        0,
        0,
        0,
        0,
        0,
        0,
        0,
        0,
        0,
        0,
        0,
        0,
        0,
        0,
        0,
        0,
        0
      ],
      "parameters": {
        "n": "ad"
      }
    },
    {
      "command": "taskset -c 0 ./cauer_100-0.res.exe --seed 0 11493",
      "mean": 0.36632158664000003,
      "stddev": 0.0015452197755516362,
      "median": 0.36614833364,
      "user": 0.36165993999999996,
      "system": 0.004608039999999999,
      "min": 0.36432068564000003,
      "max": 0.37112714864,
      "times": [
        0.37112714864,
        0.36645689264000003,
        0.36635780664,
        0.36623590064,
        0.36653533464,
        0.36531997264,
        0.36432068564000003,
        0.36668596964,
        0.36623158264,
        0.36614833364,
        0.36517293264,
        0.36506010064,
        0.36449915464,
        0.36535084464,
        0.36505995264,
        0.36610927164,
        0.36593042964,
        0.37043020264000004,
        0.36608575464000004,
        0.36562725564000004,
        0.36718332064000003,
        0.36616260564,
        0.36643010264000003,
        0.36591759464,
        0.36760051564
      ],
      "exit_codes": [
        0,
        0,
        0,
        0,
        0,
        0,
        0,
        0,
        0,
        0,
        0,
        0,
        0,
        0,
        0,
        0,
        0,
        0,
        0,
        0,
        0,
        0,
        0,
        0,
        0
      ],
      "parameters": {
        "n": "0"
      }
    },
    {
      "command": "taskset -c 0 ./cauer_100-1.res.exe --seed 0 11493",
      "mean": 0.36590227104,
      "stddev": 0.0013242218549384995,
      "median": 0.36569097164000003,
      "user": 0.36139026,
      "system": 0.004465271999999999,
      "min": 0.36399242964,
      "max": 0.36891791864,
      "times": [
        0.36540589564000003,
        0.36459081364,
        0.36680396164,
        0.36592613764000004,
        0.36554522664,
        0.36437462164,
        0.36576932264,
        0.36707003764,
        0.36526101164,
        0.36634708364,
        0.36526880664,
        0.36664158764,
        0.36476606664,
        0.36573749964,
        0.36680659564,
        0.36542758564,
        0.36616351264,
        0.36456451364000003,
        0.36399242964,
        0.36891791864,
        0.36569097164000003,
        0.36817916964,
        0.36888240164,
        0.36473281364,
        0.36469079064
      ],
      "exit_codes": [
        0,
        0,
        0,
        0,
        0,
        0,
        0,
        0,
        0,
        0,
        0,
        0,
        0,
        0,
        0,
        0,
        0,
        0,
        0,
        0,
        0,
        0,
        0,
        0,
        0
      ],
      "parameters": {
        "n": "1"
      }
    },
    {
      "command": "taskset -c 0 ./cauer_100-2.res.exe --seed 0 11493",
      "mean": 0.36668965216000005,
      "stddev": 0.0017393252188434571,
      "median": 0.36609628064,
      "user": 0.36272918,
      "system": 0.003921328000000001,
      "min": 0.36428434264000004,
      "max": 0.37140147664,
      "times": [
        0.36559355664000004,
        0.36674279964,
        0.36694812764,
        0.36688012664,
        0.36867068064,
        0.36597214164,
        0.36475721064,
        0.36710126664000003,
        0.36542150464,
        0.36428434264000004,
        0.36492331264,
        0.37016985664,
        0.36731717164,
        0.37140147664,
        0.36583593464,
        0.36941124464,
        0.36656126464,
        0.36602427864000003,
        0.36541195064000004,
        0.36518877164,
        0.36818413264,
        0.36609628064,
        0.36709794064,
        0.36595980964,
        0.36528612064
      ],
      "exit_codes": [
        0,
        0,
        0,
        0,
        0,
        0,
        0,
        0,
        0,
        0,
        0,
        0,
        0,
        0,
        0,
        0,
        0,
        0,
        0,
        0,
        0,
        0,
        0,
        0,
        0
      ],
      "parameters": {
        "n": "2"
      }
    }
  ]
}
