{
  "results": [
    {
      "command": "taskset -c 0 ./cauer_10-ad.exe --output-only-last --step-size 1 --rtol 1.e-5 --atol 1.e-7 --interval 10000",
      "mean": 1.38520404098,
      "stddev": 0.011799203308550141,
      "median": 1.38086305774,
      "user": 1.38204206,
      "system": 0.0030398464,
      "min": 1.37596410774,
      "max": 1.42709941374,
      "times": [
        1.3924686877399999,
        1.3860756007400001,
        1.42709941374,
        1.39001523374,
        1.38110563274,
        1.38086305774,
        1.37596410774,
        1.3783296947399999,
        1.37672009374,
        1.3790649587400001,
        1.38094497274,
        1.38023551374,
        1.39063074874,
        1.38694282974,
        1.37843276874,
        1.38068193474,
        1.37656850174,
        1.39092779874,
        1.38101019774,
        1.38872584974,
        1.38084077274,
        1.37646908174,
        1.37804767674,
        1.37902294174,
        1.41291295374
      ],
      "exit_codes": [
        0,
        0,
        0,
        0,
        0,
        0,
        0,
        0,
        0,
        0,
        0,
        0,
        0,
        0,
        0,
        0,
        0,
        0,
        0,
        0,
        0,
        0,
        0,
        0,
        0
      ],
      "parameters": {
        "n": "ad"
      }
    },
    {
      "command": "taskset -c 0 ./cauer_10-0.exe --output-only-last --step-size 1 --rtol 1.e-5 --atol 1.e-7 --interval 10000",
      "mean": 1.3996285268600002,
      "stddev": 0.005541516674102451,
      "median": 1.39839689374,
      "user": 1.3957181799999998,
      "system": 0.0037724408000000004,
      "min": 1.39230645674,
      "max": 1.41379313474,
      "times": [
        1.39825909774,
        1.39385652774,
        1.39725231374,
        1.40251865474,
        1.39456518774,
        1.39230645674,
        1.41379313474,
        1.39864685774,
        1.40641276274,
        1.40078605274,
        1.41187617874,
        1.39734939974,
        1.39906984074,
        1.39722996674,
        1.39629221374,
        1.39431732374,
        1.40252552274,
        1.39849966174,
        1.40849774174,
        1.39839689374,
        1.40080311674,
        1.39273312674,
        1.39557074874,
        1.3982083867400001,
        1.40094600274
      ],
      "exit_codes": [
        0,
        0,
        0,
        0,
        0,
        0,
        0,
        0,
        0,
        0,
        0,
        0,
        0,
        0,
        0,
        0,
        0,
        0,
        0,
        0,
        0,
        0,
        0,
        0,
        0
      ],
      "parameters": {
        "n": "0"
      }
    },
    {
      "command": "taskset -c 0 ./cauer_10-1.exe --output-only-last --step-size 1 --rtol 1.e-5 --atol 1.e-7 --interval 10000",
      "mean": 1.3723701698199997,
      "stddev": 0.00386098422178068,
      "median": 1.37140706874,
      "user": 1.3695489399999996,
      "system": 0.0027171567999999995,
      "min": 1.36762367874,
      "max": 1.38270496974,
      "times": [
        1.36967119774,
        1.37057841074,
        1.38270496974,
        1.3744182467400001,
        1.37579882174,
        1.36973243874,
        1.36887133274,
        1.37803832274,
        1.37271575274,
        1.37607305474,
        1.3716263927399999,
        1.36762367874,
        1.37555028174,
        1.37010048374,
        1.37001869674,
        1.37100779774,
        1.37140706874,
        1.37462996574,
        1.37857274774,
        1.36821279574,
        1.36902126274,
        1.36793143974,
        1.3738545877400001,
        1.37300405874,
        1.3680904387400001
      ],
      "exit_codes": [
        0,
        0,
        0,
        0,
        0,
        0,
        0,
        0,
        0,
        0,
        0,
        0,
        0,
        0,
        0,
        0,
        0,
        0,
        0,
        0,
        0,
        0,
        0,
        0,
        0
      ],
      "parameters": {
        "n": "1"
      }
    },
    {
      "command": "taskset -c 0 ./cauer_10-2.exe --output-only-last --step-size 1 --rtol 1.e-5 --atol 1.e-7 --interval 10000",
      "mean": 1.3638129374599999,
      "stddev": 0.0045205947212171105,
      "median": 1.3628845277400001,
      "user": 1.36040258,
      "system": 0.003288975999999999,
      "min": 1.3577290047400001,
      "max": 1.37639619574,
      "times": [
        1.3598036927400001,
        1.37639619574,
        1.35955547374,
        1.36625796174,
        1.35988073274,
        1.35834242274,
        1.36027859774,
        1.36648053474,
        1.36558835174,
        1.36017858174,
        1.36229175174,
        1.36352768574,
        1.3577290047400001,
        1.36656129874,
        1.36438096874,
        1.36434913274,
        1.36086607074,
        1.3661884367400001,
        1.36128036674,
        1.3628845277400001,
        1.36243522174,
        1.3748360207399999,
        1.36477636374,
        1.36267016974,
        1.36778387074
      ],
      "exit_codes": [
        0,
        0,
        0,
        0,
        0,
        0,
        0,
        0,
        0,
        0,
        0,
        0,
        0,
        0,
        0,
        0,
        0,
        0,
        0,
        0,
        0,
        0,
        0,
        0,
        0
      ],
      "parameters": {
        "n": "2"
      }
    }
  ]
}
