{
  "results": [
    {
      "command": "taskset -c 0 ./cauer_10-ad.res.exe --seed 0 106541",
      "mean": 0.25566130796,
      "stddev": 0.002490308390314758,
      "median": 0.25503146704,
      "user": 0.25338030000000006,
      "system": 0.0023446320000000006,
      "min": 0.25357280304,
      "max": 0.26584523704,
      "times": [
        0.25408169404000003,
        0.25399701204,
        0.25434475304000004,
        0.25358192004,
        0.25902448104000003,
        0.25503146704,
        0.25622909104,
        0.25536681704,
        0.25440306804,
        0.25506859604000004,
        0.26584523704,
        0.25589526204,
        0.25537401304,
        0.25621247504,
        0.25442174404,
        0.25488691704,
        0.25486134004,
        0.25357280304,
        0.25800992204,
        0.25531456704,
        0.25599816704,
        0.25468948104,
        0.25674215904000003,
        0.25376535204,
        0.25481436004
      ],
      "exit_codes": [
        0,
        0,
        0,
        0,
        0,
        0,
        0,
        0,
        0,
        0,
        0,
        0,
        0,
        0,
        0,
        0,
        0,
        0,
        0,
        0,
        0,
        0,
        0,
        0,
        0
      ],
      "parameters": {
        "n": "ad"
      }
    },
    {
      "command": "taskset -c 0 ./cauer_10-0.res.exe --seed 0 106541",
      "mean": 0.25119158976000006,
      "stddev": 0.0015332426878986057,
      "median": 0.25148087804,
      "user": 0.24884578000000002,
      "system": 0.0023817456,
      "min": 0.24848829304000003,
      "max": 0.25425755904,
      "times": [
        0.25204997504000004,
        0.25050826104,
        0.25241859404,
        0.25122039904000004,
        0.25045006404000003,
        0.24858638204000003,
        0.25201230704,
        0.25311548804,
        0.24983092604,
        0.25180772104000004,
        0.25148087804,
        0.24944373304,
        0.25079080904,
        0.25224584904,
        0.25260418004,
        0.25216879504,
        0.25153588704,
        0.25071805404,
        0.24878180304000003,
        0.25326598504000003,
        0.24848829304000003,
        0.25079347804,
        0.25425755904,
        0.25209094704,
        0.24912337604
      ],
      "exit_codes": [
        0,
        0,
        0,
        0,
        0,
        0,
        0,
        0,
        0,
        0,
        0,
        0,
        0,
        0,
        0,
        0,
        0,
        0,
        0,
        0,
        0,
        0,
        0,
        0,
        0
      ],
      "parameters": {
        "n": "0"
      }
    },
    {
      "command": "taskset -c 0 ./cauer_10-1.res.exe --seed 0 106541",
      "mean": 0.25044594472,
      "stddev": 0.0016799541312640992,
      "median": 0.24995839904,
      "user": 0.24812994,
      "system": 0.0023543856,
      "min": 0.24826518604000003,
      "max": 0.25384577604,
      "times": [
        0.25054155504000003,
        0.25107681604000004,
        0.24891797604000004,
        0.25104095804000004,
        0.24826518604000003,
        0.25384577604,
        0.24905476004,
        0.25163565204,
        0.24989671604000002,
        0.25146412104000004,
        0.24919347404000003,
        0.24911599204,
        0.24995839904,
        0.24895950604,
        0.24888149804000004,
        0.24880165704,
        0.25379092604000003,
        0.24884160104000003,
        0.24880451204000004,
        0.25198251404,
        0.24899887504,
        0.25281321004,
        0.25094754404,
        0.25199103904000003,
        0.25232835404000004
      ],
      "exit_codes": [
        0,
        0,
        0,
        0,
        0,
        0,
        0,
        0,
        0,
        0,
        0,
        0,
        0,
        0,
        0,
        0,
        0,
        0,
        0,
        0,
        0,
        0,
        0,
        0,
        0
      ],
      "parameters": {
        "n": "1"
      }
    },
    {
      "command": "taskset -c 0 ./cauer_10-2.res.exe --seed 0 106541",
      "mean": 0.25065992068,
      "stddev": 0.0016734402302373964,
      "median": 0.25030384904,
      "user": 0.24819049999999998,
      "system": 0.0024891791999999994,
      "min": 0.24851486504,
      "max": 0.25375739304,
      "times": [
        0.24938521104,
        0.25371203404000003,
        0.24853197504000002,
        0.25157197004000004,
        0.24958257204,
        0.25268254804,
        0.25233516804,
        0.25126043404000004,
        0.25220569304,
        0.24945559704000003,
        0.25155520804000003,
        0.24874073104,
        0.25030384904,
        0.24921868904,
        0.24880487104000004,
        0.24902728104,
        0.24961225204000004,
        0.25240951604,
        0.24851486504,
        0.25060101604,
        0.24913616704000002,
        0.25375739304,
        0.24994021704000002,
        0.25264429204,
        0.25150846704
      ],
      "exit_codes": [
        0,
        0,
        0,
        0,
        0,
        0,
        0,
        0,
        0,
        0,
        0,
        0,
        0,
        0,
        0,
        0,
        0,
        0,
        0,
        0,
        0,
        0,
        0,
        0,
        0
      ],
      "parameters": {
        "n": "2"
      }
    }
  ]
}
