{
  "results": [
    {
      "command": "taskset -c 0 ./pendulum-ad.res.exe --seed 0 231687",
      "mean": 0.10701856604,
      "stddev": 0.0022576527994048823,
      "median": 0.10586854116000001,
      "user": 0.10519785999999998,
      "system": 0.0018547920000000003,
      "min": 0.10511115416000001,
      "max": 0.11422394716000002,
      "times": [
        0.10967469716000001,
        0.11422394716000002,
        0.10601669216000001,
        0.10947092316000001,
        0.10511115416000001,
        0.10971170816000002,
        0.10582703016000002,
        0.10555474316,
        0.10824771416000001,
        0.10577853416,
        0.10881809916000001,
        0.10929184216000001,
        0.10622231016000001,
        0.10540341516000001,
        0.10534239716000002,
        0.10971774416000002,
        0.10593759416000001,
        0.10617863816000002,
        0.10586854116000001,
        0.10561555116000002,
        0.10559246316000001,
        0.10550569716000001,
        0.10580894716000001,
        0.10541125416000001,
        0.10513251316000001
      ],
      "exit_codes": [
        0,
        0,
        0,
        0,
        0,
        0,
        0,
        0,
        0,
        0,
        0,
        0,
        0,
        0,
        0,
        0,
        0,
        0,
        0,
        0,
        0,
        0,
        0,
        0,
        0
      ],
      "parameters": {
        "n": "ad"
      }
    },
    {
      "command": "taskset -c 0 ./pendulum-0.res.exe --seed 0 231687",
      "mean": 0.10194878488,
      "stddev": 0.0008920958632042446,
      "median": 0.10172081316,
      "user": 0.09967877999999997,
      "system": 0.0022856479999999995,
      "min": 0.10102996916000001,
      "max": 0.10512785216000001,
      "times": [
        0.10150437316000001,
        0.10166473516,
        0.10102996916000001,
        0.10118037416000002,
        0.10225274916000002,
        0.10404559516000002,
        0.10154284616,
        0.10130826116000001,
        0.10172081316,
        0.10169355216,
        0.10241699916000001,
        0.10180258316000002,
        0.10229160616,
        0.10201453516000002,
        0.10139647116000002,
        0.10172324916000001,
        0.10159254916000002,
        0.10247300016000001,
        0.10207154116000001,
        0.10114887916000001,
        0.10166780816000001,
        0.10153338916000001,
        0.10174798616000001,
        0.10512785216000001,
        0.10176790416
      ],
      "exit_codes": [
        0,
        0,
        0,
        0,
        0,
        0,
        0,
        0,
        0,
        0,
        0,
        0,
        0,
        0,
        0,
        0,
        0,
        0,
        0,
        0,
        0,
        0,
        0,
        0,
        0
      ],
      "parameters": {
        "n": "0"
      }
    },
    {
      "command": "taskset -c 0 ./pendulum-1.res.exe --seed 0 231687",
      "mean": 0.10201028648000002,
      "stddev": 0.0014610956838765924,
      "median": 0.10146124716000002,
      "user": 0.09919982,
      "system": 0.0027886800000000004,
      "min": 0.10040787716,
      "max": 0.10612864716,
      "times": [
        0.10355429016,
        0.10102642116000002,
        0.10612864716,
        0.10209044016000002,
        0.10156250316000001,
        0.10518648116000001,
        0.10133452916,
        0.10146124716000002,
        0.10138811916000001,
        0.10171422516000002,
        0.10208308116,
        0.10107133216000001,
        0.10141163116000002,
        0.10180411616000001,
        0.10143251016000002,
        0.10178584816000001,
        0.10121142316000001,
        0.10166258916000001,
        0.10543275116000002,
        0.10111876416000001,
        0.10145231416000002,
        0.10151325016000001,
        0.10137361616000001,
        0.10104915416000002,
        0.10040787716
      ],
      "exit_codes": [
        0,
        0,
        0,
        0,
        0,
        0,
        0,
        0,
        0,
        0,
        0,
        0,
        0,
        0,
        0,
        0,
        0,
        0,
        0,
        0,
        0,
        0,
        0,
        0,
        0
      ],
      "parameters": {
        "n": "1"
      }
    },
    {
      "command": "taskset -c 0 ./pendulum-2.res.exe --seed 0 231687",
      "mean": 0.10236273468000003,
      "stddev": 0.0015241248056888283,
      "median": 0.10187397616000002,
      "user": 0.10013954,
      "system": 0.002227856,
      "min": 0.10098792116000001,
      "max": 0.10758015016000001,
      "times": [
        0.10193824116000001,
        0.10342174516000001,
        0.10333330316000001,
        0.10111259816000001,
        0.10372366216000001,
        0.10260680616000001,
        0.10542499116000001,
        0.10112536616000001,
        0.10139772716,
        0.10193802716000001,
        0.10117839516000002,
        0.10098792116000001,
        0.10154702116000001,
        0.10175226316000001,
        0.10232409916000001,
        0.10122530916000001,
        0.10187397616000002,
        0.10181904616000001,
        0.10276797816000001,
        0.10758015016000001,
        0.10367113916000001,
        0.10159230116000001,
        0.10158379316000002,
        0.10118312616000001,
        0.10195938016000002
      ],
      "exit_codes": [
        0,
        0,
        0,
        0,
        0,
        0,
        0,
        0,
        0,
        0,
        0,
        0,
        0,
        0,
        0,
        0,
        0,
        0,
        0,
        0,
        0,
        0,
        0,
        0,
        0
      ],
      "parameters": {
        "n": "2"
      }
    }
  ]
}
