{
  "results": [
    {
      "command": "taskset -c 0 ./furuta-ad.res.exe --seed 0 105602",
      "mean": 5.9286572034599985,
      "stddev": 0.008538174804516355,
      "median": 5.930804552500001,
      "user": 5.924175740000001,
      "system": 0.004103544800000001,
      "min": 5.9125711555,
      "max": 5.9395718955,
      "times": [
        5.9317348905000005,
        5.9313879805,
        5.9344891055,
        5.9149980135,
        5.9350543505,
        5.9253419615,
        5.9251729445,
        5.935125498500001,
        5.9168683355,
        5.9386932555000005,
        5.9234805475,
        5.9380740625,
        5.9392295835,
        5.9305434195,
        5.930804552500001,
        5.9343855565,
        5.9340465735,
        5.9201248145,
        5.9140473895,
        5.9125711555,
        5.9383975675,
        5.9297356125,
        5.9210900705,
        5.9214609495,
        5.9395718955
      ],
      "exit_codes": [
        0,
        0,
        0,
        0,
        0,
        0,
        0,
        0,
        0,
        0,
        0,
        0,
        0,
        0,
        0,
        0,
        0,
        0,
        0,
        0,
        0,
        0,
        0,
        0,
        0
      ],
      "parameters": {
        "n": "ad"
      }
    },
    {
      "command": "taskset -c 0 ./furuta-0.res.exe --seed 0 105602",
      "mean": 3.5170336492599996,
      "stddev": 0.008174707359350294,
      "median": 3.5170588295000003,
      "user": 3.5147239400000005,
      "system": 0.0021401632000000005,
      "min": 3.5028568305,
      "max": 3.5437811495,
      "times": [
        3.5192100065,
        3.5180296455,
        3.5437811495,
        3.5210190495,
        3.5170588295000003,
        3.5149530855,
        3.5271430395000003,
        3.5236841935000003,
        3.5099383095,
        3.5175751915,
        3.5156872135,
        3.5249510825000003,
        3.5199695005000002,
        3.5085082685,
        3.5118106925,
        3.5125944805000002,
        3.5205198465,
        3.5099951705,
        3.5162818595000003,
        3.5090753105,
        3.5118713225000002,
        3.5028568305,
        3.5075710835000002,
        3.5212477025,
        3.5205083675
      ],
      "exit_codes": [
        0,
        0,
        0,
        0,
        0,
        0,
        0,
        0,
        0,
        0,
        0,
        0,
        0,
        0,
        0,
        0,
        0,
        0,
        0,
        0,
        0,
        0,
        0,
        0,
        0
      ],
      "parameters": {
        "n": "0"
      }
    },
    {
      "command": "taskset -c 0 ./furuta-1.res.exe --seed 0 105602",
      "mean": 3.5177986717399996,
      "stddev": 0.007950108214302466,
      "median": 3.5157870695,
      "user": 3.51505878,
      "system": 0.0025686520000000003,
      "min": 3.5089384265000003,
      "max": 3.5419003055,
      "times": [
        3.5167988655,
        3.5092409785000003,
        3.5144245615000003,
        3.5158801665,
        3.5392174335,
        3.5143134855000002,
        3.5110024395000003,
        3.5153765995,
        3.5236579645,
        3.5111250085,
        3.5167849815,
        3.5130460665000003,
        3.5157870695,
        3.5239574695,
        3.5089384265000003,
        3.5135406075,
        3.5148171575,
        3.5185374795,
        3.5174991545000003,
        3.5175544685,
        3.5124684375,
        3.5419003055,
        3.5151779795,
        3.5232163085000003,
        3.5207033785000004
      ],
      "exit_codes": [
        0,
        0,
        0,
        0,
        0,
        0,
        0,
        0,
        0,
        0,
        0,
        0,
        0,
        0,
        0,
        0,
        0,
        0,
        0,
        0,
        0,
        0,
        0,
        0,
        0
      ],
      "parameters": {
        "n": "1"
      }
    },
    {
      "command": "taskset -c 0 ./furuta-2.res.exe --seed 0 105602",
      "mean": 3.525516593540001,
      "stddev": 0.005471842395806568,
      "median": 3.5249605985,
      "user": 3.5232167,
      "system": 0.0020972119999999998,
      "min": 3.5136689885,
      "max": 3.5413844745,
      "times": [
        3.5220655785000003,
        3.5208325925,
        3.5241023295000002,
        3.5271354635,
        3.5252381425,
        3.5245500605,
        3.5273990405,
        3.5341050315,
        3.5413844745,
        3.5237436555,
        3.5257355035,
        3.5213264315000004,
        3.5244064885,
        3.5262944295,
        3.5249307065,
        3.5249605985,
        3.5220035395,
        3.5294401785000002,
        3.5339643325,
        3.5301456825,
        3.5136689885,
        3.5195719305,
        3.5199934535,
        3.5255698495,
        3.5253463565
      ],
      "exit_codes": [
        0,
        0,
        0,
        0,
        0,
        0,
        0,
        0,
        0,
        0,
        0,
        0,
        0,
        0,
        0,
        0,
        0,
        0,
        0,
        0,
        0,
        0,
        0,
        0,
        0
      ],
      "parameters": {
        "n": "2"
      }
    },
    {
      "command": "taskset -c 0 ./furuta-3.res.exe --seed 0 105602",
      "mean": 3.5283527672600004,
      "stddev": 0.010218598118898421,
      "median": 3.5273234525,
      "user": 3.5248508600000004,
      "system": 0.0032577271999999994,
      "min": 3.5149176185,
      "max": 3.5574763655000003,
      "times": [
        3.5344521345,
        3.5210998915,
        3.5273234525,
        3.5235114925,
        3.5149176185,
        3.5242183275,
        3.5180642115,
        3.5162749855,
        3.5203272215,
        3.5501617635000002,
        3.5241793495000002,
        3.5306810365,
        3.5166846205,
        3.5268403895000002,
        3.5249227265,
        3.5574763655000003,
        3.5308211755,
        3.5230198405,
        3.5299742645,
        3.5294914275,
        3.5302217965000002,
        3.5327080485,
        3.5274902745,
        3.5462173465,
        3.5277394205
      ],
      "exit_codes": [
        0,
        0,
        0,
        0,
        0,
        0,
        0,
        0,
        0,
        0,
        0,
        0,
        0,
        0,
        0,
        0,
        0,
        0,
        0,
        0,
        0,
        0,
        0,
        0,
        0
      ],
      "parameters": {
        "n": "3"
      }
    },
    {
      "command": "taskset -c 0 ./furuta-4.res.exe --seed 0 105602",
      "mean": 3.5188573000600005,
      "stddev": 0.013114515032439702,
      "median": 3.5176615885,
      "user": 3.5167566999999997,
      "system": 0.0019407232000000002,
      "min": 3.5039772075,
      "max": 3.5696578505,
      "times": [
        3.5238460295,
        3.5093972655,
        3.5696578505,
        3.5119391015000003,
        3.5216627525,
        3.5179857485,
        3.5176615885,
        3.5133532205,
        3.5243964605,
        3.5126785605,
        3.5097462655,
        3.5187799045,
        3.5050588495,
        3.5204046655,
        3.5424910725,
        3.5131421465,
        3.5188921115,
        3.5085986435,
        3.5123702465,
        3.5161121605,
        3.5153247265000003,
        3.5202797905,
        3.5216865965,
        3.5219895365,
        3.5039772075
      ],
      "exit_codes": [
        0,
        0,
        0,
        0,
        0,
        0,
        0,
        0,
        0,
        0,
        0,
        0,
        0,
        0,
        0,
        0,
        0,
        0,
        0,
        0,
        0,
        0,
        0,
        0,
        0
      ],
      "parameters": {
        "n": "4"
      }
    },
    {
      "command": "taskset -c 0 ./furuta-5.res.exe --seed 0 105602",
      "mean": 3.51774003606,
      "stddev": 0.007452687106070186,
      "median": 3.5174053315,
      "user": 3.5157363000000004,
      "system": 0.0018641144000000002,
      "min": 3.5064076355,
      "max": 3.5403477805000003,