{
  "results": [
    {
      "command": "taskset -c 0 ./pendulum-ad.exe --output-only-last --step-size 1 --rtol 1.e-5 --atol 1.e-7 --interval 10000",
      "mean": 0.5644567003,
      "stddev": 0.004363689603471824,
      "median": 0.56324826646,
      "user": 0.56078984,
      "system": 0.0036946431999999997,
      "min": 0.56086610246,
      "max": 0.58230284046,
      "times": [
        0.56137584846,
        0.56461061346,
        0.56291181646,
        0.56400077746,
        0.56271109846,
        0.56502645846,
        0.56157687546,
        0.5618027854600001,
        0.56131547846,
        0.56453682346,
        0.56768276046,
        0.56358758746,
        0.58230284046,
        0.56449020346,
        0.56097327146,
        0.56866773546,
        0.56816160346,
        0.56314373146,
        0.56253395446,
        0.56324826646,
        0.5625972514600001,
        0.56086610246,
        0.56172038546,
        0.56788578246,
        0.56368745546
      ],
      "exit_codes": [
        0,
        0,
        0,
        0,
        0,
        0,
        0,
        0,
        0,
        0,
        0,
        0,
        0,
        0,
        0,
        0,
        0,
        0,
        0,
        0,
        0,
        0,
        0,
        0,
        0
      ],
      "parameters": {
        "n": "ad"
      }
    },
    {
      "command": "taskset -c 0 ./pendulum-0.exe --output-only-last --step-size 1 --rtol 1.e-5 --atol 1.e-7 --interval 10000",
      "mean": 0.55282741334,
      "stddev": 0.003523941171437299,
      "median": 0.5516958334600001,
      "user": 0.54898204,
      "system": 0.003837808,
      "min": 0.54957005546,
      "max": 0.56469980246,
      "times": [
        0.54984404046,
        0.5517804804600001,
        0.55211576246,
        0.55079263846,
        0.55122558146,
        0.55235436246,
        0.5516958334600001,
        0.55166432346,
        0.55202985846,
        0.55288336446,
        0.55308957546,
        0.55023740246,
        0.56152986346,
        0.55023636746,
        0.55158258846,
        0.54957005546,
        0.55450467946,
        0.55148673846,
        0.55527668746,
        0.55664182846,
        0.56469980246,
        0.55052069246,
        0.55208023146,
        0.55144157446,
        0.55140100046
      ],
      "exit_codes": [
        0,
        0,
        0,
        0,
        0,
        0,
        0,
        0,
        0,
        0,
        0,
        0,
        0,
        0,
        0,
        0,
        0,
        0,
        0,
        0,
        0,
        0,
        0,
        0,
        0
      ],
      "parameters": {
        "n": "0"
      }
    },
    {
      "command": "taskset -c 0 ./pendulum-1.exe --output-only-last --step-size 1 --rtol 1.e-5 --atol 1.e-7 --interval 10000",
      "mean": 0.5492462405,
      "stddev": 0.004554763233022693,
      "median": 0.54789391546,
      "user": 0.5470352800000001,
      "system": 0.0022936912,
      "min": 0.54499397846,
      "max": 0.56574503646,
      "times": [
        0.54509820646,
        0.55149736846,
        0.54804668946,
        0.54542168846,
        0.54792960546,
        0.55434700946,
        0.54710965746,
        0.54748744346,
        0.54647976346,
        0.54789391546,
        0.55362150946,
        0.54893986546,
        0.55636104446,
        0.54667442646,
        0.5466497904600001,
        0.56574503646,
        0.54731385946,
        0.54499397846,
        0.54651993546,
        0.54768140446,
        0.54582943946,
        0.54853651646,
        0.54822863246,
        0.54975061546,
        0.55299861046
      ],
      "exit_codes": [
        0,
        0,
        0,
        0,
        0,
        0,
        0,
        0,
        0,
        0,
        0,
        0,
        0,
        0,
        0,
        0,
        0,
        0,
        0,
        0,
        0,
        0,
        0,
        0,
        0
      ],
      "parameters": {
        "n": "1"
      }
    },
    {
      "command": "taskset -c 0 ./pendulum-2.exe --output-only-last --step-size 1 --rtol 1.e-5 --atol 1.e-7 --interval 10000",
      "mean": 0.51191099614,
      "stddev": 0.002352822411609133,
      "median": 0.51136214746,
      "user": 0.50952972,
      "system": 0.0024311408000000003,
      "min": 0.50770032046,
      "max": 0.5183194854600001,
      "times": [
        0.51190799346,
        0.5097201824600001,
        0.51328969246,
        0.51127161246,
        0.50770032046,
        0.51673127146,
        0.51074542046,
        0.51272786246,
        0.51049618146,
        0.51185824346,
        0.51078295246,
        0.51438285446,
        0.5183194854600001,
        0.51136214746,
        0.50965629146,
        0.51196387946,
        0.51085338246,
        0.51361679246,
        0.51058506946,
        0.51454344946,
        0.51365912346,
        0.51003602446,
        0.51156701046,
        0.50968550346,
        0.51031215646
      ],
      "exit_codes": [
        0,
        0,
        0,
        0,
        0,
        0,
        0,
        0,
        0,
        0,
        0,
        0,
        0,
        0,
        0,
        0,
        0,
        0,
        0,
        0,
        0,
        0,
        0,
        0,
        0
      ],
      "parameters": {
        "n": "2"
      }
    }
  ]
}
