{
  "results": [
    {
      "command": "taskset -c 0 ./cauer_100-ad.exe --output-only-last --step-size 1 --rtol 1.e-5 --atol 1.e-7 --interval 1000",
      "mean": 2.7014449420199997,
      "stddev": 0.01885178956234731,
      "median": 2.6951173189,
      "user": 2.6768215999999994,
      "system": 0.024385340000000002,
      "min": 2.6875838789,
      "max": 2.7724877839,
      "times": [
        2.6929592569,
        2.7724877839,
        2.7423790519,
        2.6875838789,
        2.6907005509,
        2.6898959379,
        2.7018022828999997,
        2.6935406348999997,
        2.6948840309,
        2.6983221579,
        2.7045098948999997,
        2.6951022708999997,
        2.7242410598999998,
        2.7052875119,
        2.6924839658999997,
        2.6903903559,
        2.6984781889,
        2.6987392248999997,
        2.6977768469,
        2.6951173189,
        2.6943042169,
        2.6920173169,
        2.6897374119,
        2.6966255069,
        2.6967568919
      ],
      "exit_codes": [
        0,
        0,
        0,
        0,
        0,
        0,
        0,
        0,
        0,
        0,
        0,
        0,
        0,
        0,
        0,
        0,
        0,
        0,
        0,
        0,
        0,
        0,
        0,
        0,
        0
      ],
      "parameters": {
        "n": "ad"
      }
    },
    {
      "command": "taskset -c 0 ./cauer_100-0.exe --output-only-last --step-size 1 --rtol 1.e-5 --atol 1.e-7 --interval 1000",
      "mean": 2.7244135891399996,
      "stddev": 0.004994138906199386,
      "median": 2.7237376738999997,
      "user": 2.69996844,
      "system": 0.024223179999999997,
      "min": 2.7155756409,
      "max": 2.7331596749,
      "times": [
        2.7322616169,
        2.7197261469,
        2.7231184869,
        2.7256940418999998,
        2.7214314538999997,
        2.7201030068999996,
        2.7253084769,
        2.7182947429,
        2.7331596749,
        2.7237376738999997,
        2.7226622998999996,
        2.7265386018999997,
        2.7197643428999996,
        2.7312496298999998,
        2.7155756409,
        2.7228128059,
        2.7319008978999997,
        2.7260128169,
        2.7162085818999997,
        2.7282110078999997,
        2.7273366989,
        2.7275429249,
        2.7190930398999997,
        2.7293259129,
        2.7232692038999997
      ],
      "exit_codes": [
        0,
        0,
        0,
        0,
        0,
        0,
        0,
        0,
        0,
        0,
        0,
        0,
        0,
        0,
        0,
        0,
        0,
        0,
        0,
        0,
        0,
        0,
        0,
        0,
        0
      ],
      "parameters": {
        "n": "0"
      }
    },
    {
      "command": "taskset -c 0 ./cauer_100-1.exe --output-only-last --step-size 1 --rtol 1.e-5 --atol 1.e-7 --interval 1000",
      "mean": 2.68901795726,
      "stddev": 0.005509897148661231,
      "median": 2.6884088128999997,
      "user": 2.6677852,
      "system": 0.021010739999999997,
      "min": 2.6796576598999997,
      "max": 2.7018616899,
      "times": [
        2.6796576598999997,
        2.6898772889,
        2.7018616899,
        2.6835063829,
        2.6989779658999997,
        2.6961645399,
        2.6948980549,
        2.6887039218999997,
        2.6925707168999997,
        2.6885208058999996,
        2.6992469899,
        2.6876212328999998,
        2.6848930499,
        2.6841402178999996,
        2.6850503829,
        2.6884088128999997,
        2.6891358489,
        2.6869922709,
        2.6834741538999998,
        2.6899531919,
        2.6851123349,
        2.6859927699,
        2.6857995489,
        2.6894643539,
        2.6854247448999997
      ],
      "exit_codes": [
        0,
        0,
        0,
        0,
        0,
        0,
        0,
        0,
        0,
        0,
        0,
        0,
        0,
        0,
        0,
        0,
        0,
        0,
        0,
        0,
        0,
        0,
        0,
        0,
        0
      ],
      "parameters": {
        "n": "1"
      }
    },
    {
      "command": "taskset -c 0 ./cauer_100-2.exe --output-only-last --step-size 1 --rtol 1.e-5 --atol 1.e-7 --interval 1000",
      "mean": 2.72298881734,
      "stddev": 0.004269082718491599,
      "median": 2.7227591839,
      "user": 2.6534972399999996,
      "system": 0.06927246000000001,
      "min": 2.7166963509,
      "max": 2.7339800148999998,
      "times": [
        2.7310946269,
        2.7194883239,
        2.7295098009,
        2.7222730558999997,
        2.7242996719,
        2.7173881149,
        2.7186921759,
        2.7203245599,
        2.7244289728999997,
        2.7249578169,
        2.7339800148999998,
        2.7281204709,
        2.7227591839,
        2.7247017958999997,
        2.7206384969,
        2.7244198189,
        2.7232555989,
        2.7182081579,
        2.7201650488999998,
        2.7243718769,
        2.7204727098999997,
        2.7166963509,
        2.7191397059,
        2.7222476958999997,
        2.7230863869
      ],
      "exit_codes": [
        0,
        0,
        0,
        0,
        0,
        0,
        0,
        0,
        0,
        0,
        0,
        0,
        0,
        0,
        0,
        0,
        0,
        0,
        0,
        0,
        0,
        0,
        0,
        0,
        0
      ],
      "parameters": {
        "n": "2"
      }
    }
  ]
}
