{
  "results": [
    {
      "command": "taskset -c 0 ./pendulum-ad.jac.exe --seed 0 9819",
      "mean": 0.049143261540000004,
      "stddev": 0.0005041668451183694,
      "median": 0.04932470942,
      "user": 0.04750156,
      "system": 0.0017396344,
      "min": 0.04840473742,
      "max": 0.05001716642,
      "times": [
        0.04955556542,
        0.04971301342,
        0.048564339420000005,
        0.04932470942,
        0.048888125420000005,
        0.049563444420000005,
        0.04854027242,
        0.04935597942,
        0.04860322342,
        0.049873916420000004,
        0.04924607242,
        0.049679164420000005,
        0.04886651042,
        0.049608965420000005,
        0.04876092842,
        0.04940322742,
        0.048555214420000006,
        0.04840473742,
        0.05001716642,
        0.04842158942,
        0.049400664420000004,
        0.04860426742000001,
        0.04953373742,
        0.04869215342,
        0.049404550420000005
      ],
      "exit_codes": [
        0,
        0,
        0,
        0,
        0,
        0,
        0,
        0,
        0,
        0,
        0,
        0,
        0,
        0,
        0,
        0,
        0,
        0,
        0,
        0,
        0,
        0,
        0,
        0,
        0
      ],
      "parameters": {
        "n": "ad"
      }
    },
    {
      "command": "taskset -c 0 ./pendulum-0.jac.exe --seed 0 9819",
      "mean": 0.04914718594,
      "stddev": 0.0005560098789052009,
      "median": 0.049176988420000005,
      "user": 0.048087040000000005,
      "system": 0.0012024879999999998,
      "min": 0.047968632420000004,
      "max": 0.04997976442,
      "times": [
        0.049795567420000006,
        0.04953691142,
        0.04948864842,
        0.04971450142,
        0.048736707420000004,
        0.049176988420000005,
        0.04872208042,
        0.048778506420000006,
        0.04861995042,
        0.04994340942,
        0.047968632420000004,
        0.04881959042,
        0.048118546420000005,
        0.049175922420000004,
        0.049601794420000005,
        0.04876485442,
        0.04938259642,
        0.048703617420000005,
        0.049397777420000004,
        0.04997976442,
        0.04962199342,
        0.048530669420000005,
        0.049453000420000004,
        0.04891567342000001,
        0.04973194442000001
      ],
      "exit_codes": [
        0,
        0,
        0,
        0,
        0,
        0,
        0,
        0,
        0,
        0,
        0,
        0,
        0,
        0,
        0,
        0,
        0,
        0,
        0,
        0,
        0,
        0,
        0,
        0,
        0
      ],
      "parameters": {
        "n": "0"
      }
    },
    {
      "command": "taskset -c 0 ./pendulum-1.jac.exe --seed 0 9819",
      "mean": 0.04615625234,
      "stddev": 0.0005676735902457452,
      "median": 0.04629807542,
      "user": 0.04290031999999999,
      "system": 0.0032706159999999996,
      "min": 0.044750185420000005,
      "max": 0.047337523420000006,
      "times": [
        0.04644173842,
        0.04565424642,
        0.04665905042,
        0.04566297642,
        0.04615908542,
        0.04535662942,
        0.04629807542,
        0.046397875420000005,
        0.046550294420000006,
        0.04551016242000001,
        0.04627424342000001,
        0.045769592420000005,
        0.04658305242000001,
        0.04648178842,
        0.046322217420000006,
        0.04626930942,
        0.044750185420000005,
        0.04559077442,
        0.046654809420000005,
        0.046772744420000005,
        0.04636304342000001,
        0.047337523420000006,
        0.04535320442,
        0.046489744420000007,
        0.046203941420000005
      ],
      "exit_codes": [
        0,
        0,
        0,
        0,
        0,
        0,
        0,
        0,
        0,
        0,
        0,
        0,
        0,
        0,
        0,
        0,
        0,
        0,
        0,
        0,
        0,
        0,
        0,
        0,
        0
      ],
      "parameters": {
        "n": "1"
      }
    },
    {
      "command": "taskset -c 0 ./pendulum-2.jac.exe --seed 0 9819",
      "mean": 0.011528743100000002,
      "stddev": 0.003277061770628031,
      "median": 0.01092884342,
      "user": 0.00991028,
      "system": 0.0017146832000000001,
      "min": 0.009932344420000001,
      "max": 0.02716383542,
      "times": [
        0.02716383542,
        0.010277571420000001,
        0.011521303420000002,
        0.010020696420000001,
        0.010844932420000002,
        0.010959769420000001,
        0.010967919420000001,
        0.010901389420000001,
        0.010883249420000001,
        0.01092884342,
        0.01082970142,
        0.011004799420000001,
        0.010910682420000001,
        0.010854529420000002,
        0.010921185420000002,
        0.011270887420000002,
        0.010958724420000001,
        0.009932344420000001,
        0.01093122642,
        0.010984421420000001,
        0.01078957642,
        0.010907763420000001,
        0.01095201542,
        0.010945607420000001,
        0.011555602420000002
      ],
      "exit_codes": [
        0,
        0,
        0,
        0,
        0,
        0,
        0,
        0,
        0,
        0,
        0,
        0,
        0,
        0,
        0,
        0,
        0,
        0,
        0,
        0,
        0,
        0,
        0,
        0,
        0
      ],
      "parameters": {
        "n": "2"
      }
    }
  ]
}
