{
  "results": [
    {
      "command": "taskset -c 0 ./furuta-ad.jac.exe --seed 0 4108",
      "mean": 7.702930529439999,
      "stddev": 0.03021381982271144,
      "median": 7.69633342784,
      "user": 7.6975779599999985,
      "system": 0.004845111999999998,
      "min": 7.665610376839999,
      "max": 7.75965871584,
      "times": [
        7.672391279839999,
        7.7302159678399995,
        7.67671569584,
        7.724238498839999,
        7.67600761584,
        7.6692075288399995,
        7.75965871584,
        7.71162796384,
        7.67507177084,
        7.688908457839999,
        7.700915750839999,
        7.69633342784,
        7.759184084839999,
        7.690513849839999,
        7.677934436839999,
        7.665610376839999,
        7.7040045268399995,
        7.72138887484,
        7.6765062858399995,
        7.675250364839999,
        7.675030125839999,
        7.73708663184,
        7.75303166084,
        7.7238453818399995,
        7.7325839608399995
      ],
      "exit_codes": [
        0,
        0,
        0,
        0,
        0,
        0,
        0,
        0,
        0,
        0,
        0,
        0,
        0,
        0,
        0,
        0,
        0,
        0,
        0,
        0,
        0,
        0,
        0,
        0,
        0
      ],
      "parameters": {
        "n": "ad"
      }
    },
    {
      "command": "taskset -c 0 ./furuta-0.jac.exe --seed 0 4108",
      "mean": 7.751422937760001,
      "stddev": 0.0394466824979837,
      "median": 7.7347240168399995,
      "user": 7.746219720000002,
      "system": 0.004679724799999999,
      "min": 7.70669292684,
      "max": 7.87227496784,
      "times": [
        7.750589584839999,
        7.73103084184,
        7.77347433984,
        7.72844036184,
        7.72424924984,
        7.72545385984,
        7.803180986839999,
        7.73018383284,
        7.76235085784,
        7.70669292684,
        7.74230962384,
        7.726320415839999,
        7.73592274384,
        7.72480643884,
        7.73240103684,
        7.77057470784,
        7.825051805839999,
        7.779423886839999,
        7.71064941884,
        7.7347240168399995,
        7.71304273284,
        7.72920241784,
        7.797503627839999,
        7.87227496784,
        7.75571875984
      ],
      "exit_codes": [
        0,
        0,
        0,
        0,
        0,
        0,
        0,
        0,
        0,
        0,
        0,
        0,
        0,
        0,
        0,
        0,
        0,
        0,
        0,
        0,
        0,
        0,
        0,
        0,
        0
      ],
      "parameters": {
        "n": "0"
      }
    },
    {
      "command": "taskset -c 0 ./furuta-1.jac.exe --seed 0 4108",
      "mean": 7.17475549848,
      "stddev": 0.03016919106973432,
      "median": 7.171963711839999,
      "user": 7.171415400000002,
      "system": 0.0029040768,
      "min": 7.1317634418399996,
      "max": 7.27086722184,
      "times": [
        7.171963711839999,
        7.140724200839999,
        7.17432159884,
        7.206750200839999,
        7.18775162784,
        7.16351021684,
        7.27086722184,
        7.182223448839999,
        7.177903176839999,
        7.177453088839999,
        7.20297639884,
        7.1317634418399996,
        7.17952055684,
        7.15546183884,
        7.1908688958399996,
        7.171226015839999,
        7.14119236984,
        7.16477248984,
        7.21997264684,
        7.160896610839999,
        7.17054261984,
        7.13558960184,
        7.19319004784,
        7.152412303839999,
        7.14503312984
      ],
      "exit_codes": [
        0,
        0,
        0,
        0,
        0,
        0,
        0,
        0,
        0,
        0,
        0,
        0,
        0,
        0,
        0,
        0,
        0,
        0,
        0,
        0,
        0,
        0,
        0,
        0,
        0
      ],
      "parameters": {
        "n": "1"
      }
    },
    {
      "command": "taskset -c 0 ./furuta-2.jac.exe --seed 0 4108",
      "mean": 6.468580784160001,
      "stddev": 0.009036205933339538,
      "median": 6.46721215684,
      "user": 6.463118400000001,
      "system": 0.005020427199999998,
      "min": 6.4539652708399995,
      "max": 6.4876458348399995,
      "times": [
        6.4753157218399995,
        6.468702029839999,
        6.47394077084,
        6.459703183839999,
        6.46012177084,
        6.480597792839999,
        6.46223126384,
        6.46157463384,
        6.46468688184,
        6.47778364684,
        6.459011073839999,
        6.47525793084,
        6.4539652708399995,
        6.4637459778399995,
        6.4769003628399995,
        6.470015140839999,
        6.459613688839999,
        6.46721215684,
        6.46380048184,
        6.4605465958399995,
        6.471021471839999,
        6.48545442684,
        6.47596490684,
        6.459706586839999,
        6.4876458348399995
      ],
      "exit_codes": [
        0,
        0,
        0,
        0,
        0,
        0,
        0,
        0,
        0,
        0,
        0,
        0,
        0,
        0,
        0,
        0,
        0,
        0,
        0,
        0,
        0,
        0,
        0,
        0,
        0
      ],
      "parameters": {
        "n": "2"
      }
    },
    {
      "command": "taskset -c 0 ./furuta-3.jac.exe --seed 0 4108",
      "mean": 6.099185147759999,
      "stddev": 0.012427062394030849,
      "median": 6.10214992084,
      "user": 6.094740679999998,
      "system": 0.0040566944,
      "min": 6.06878602984,
      "max": 6.123405314839999,
      "times": [
        6.093003319839999,
        6.09891061784,
        6.092709377839999,
        6.10213899384,
        6.10492959384,
        6.09890902084,
        6.10754332484,
        6.0997852868399995,
        6.10214992084,
        6.10290046184,
        6.099052342839999,
        6.123405314839999,
        6.107959902839999,
        6.10763342084,
        6.10656350684,
        6.085836585839999,
        6.10853476584,
        6.099690992839999,
        6.1041457458399995,
        6.107166933839999,
        6.07436021984,
        6.07250735184,
        6.10267474684,
        6.06878602984,
        6.10833091484
      ],
      "exit_codes": [
        0,
        0,
        0,
        0,
        0,
        0,
        0,
        0,
        0,
        0,
        0,
        0,
        0,
        0,
        0,
        0,
        0,
        0,
        0,
        0,
        0,
        0,
        0,
        0,
        0
      ],
      "parameters": {
        "n": "3"
      }
    },
    {
      "command": "taskset -c 0 ./furuta-4.jac.exe --seed 0 4108",
      "mean": 4.6459786236400005,
      "stddev": 0.011207541159770965,
      "median": 4.64358272284,
      "user": 4.64172596,
      "system": 0.003937649599999999,
      "min": 4.629226258839999,
      "max": 4.67430636884,
      "times": [
        4.63334264484,
        4.6569276108399995,
        4.64358272284,
        4.629226258839999,
        4.64249240484,
        4.64953654184,
        4.655684184839999,
        4.65681018984,
        4.637116499839999,
        4.64569859184,
        4.64530672084,
        4.63206178984,
        4.637556764839999,
        4.64392838784,
        4.64236516384,
        4.643681335839999,
        4.66991035484,
        4.6610294658399996,
        4.67430636884,
        4.64106609984,
        4.63756651884,
        4.65078401284,
        4.63959077184,
        4.642484060839999,
        4.63741012384
      ],
      "exit_codes": [
        0,
        0,
        0,
        0,
        0,
        0,
        0,
        0,
        0,
        0,
        0,
        0,
        0,
        0,
        0,
        0,
        0,
        0,
        0,
        0,
        0,
        0,
        0,
        0,
        0
      ],
      "parameters": {
        "n": "4"
      }
    },
    {
      "command": "taskset -c 0 ./furuta-5.jac.exe --seed 0 4108",
      "mean": 4.3140657982,