{
  "results": [
    {
      "command": "taskset -c 0 ./pendulum-ad.jac.exe --seed 0 9819",
      "mean": 0.04667723868,
      "stddev": 0.00034541445339684367,
      "median": 0.04674967292,
      "user": 0.04386332,
      "system": 0.0028765808,
      "min": 0.04599706992,
      "max": 0.047147642919999996,
      "times": [
        0.04676541292,
        0.046348904919999996,
        0.04703134492,
        0.04686901992,
        0.046803094919999996,
        0.04661687192,
        0.04694096792,
        0.04646216592,
        0.04674967292,
        0.047147642919999996,
        0.04646356892,
        0.04667066192,
        0.04693646892,
        0.04670486392,
        0.046987760919999996,
        0.04705442992,
        0.04707731692,
        0.04599706992,
        0.046164290919999997,
        0.04681103392,
        0.04606031592,
        0.04622810092,
        0.046655208919999996,
        0.04713088992,
        0.04625388592
      ],
      "exit_codes": [
        0,
        0,
        0,
        0,
        0,
        0,
        0,
        0,
        0,
        0,
        0,
        0,
        0,
        0,
        0,
        0,
        0,
        0,
        0,
        0,
        0,
        0,
        0,
        0,
        0
      ],
      "parameters": {
        "n": "ad"
      }
    },
    {
      "command": "taskset -c 0 ./pendulum-0.jac.exe --seed 0 9819",
      "mean": 0.046677921920000004,
      "stddev": 0.0003886758216131621,
      "median": 0.04676687992,
      "user": 0.04401671999999999,
      "system": 0.0027011472,
      "min": 0.04577919092,
      "max": 0.04734537192,
      "times": [
        0.04648773492,
        0.04698123792,
        0.04640592392,
        0.04679618092,
        0.04657395392,
        0.046907687919999996,
        0.04664022092,
        0.04697514692,
        0.04696357892,
        0.04676687992,
        0.04669296892,
        0.04647047792,
        0.04710667292,
        0.04681667692,
        0.04685441292,
        0.04711199592,
        0.04633528392,
        0.04615535592,
        0.04719061092,
        0.04623297792,
        0.04690652492,
        0.04577919092,
        0.04596609792,
        0.04734537192,
        0.04648488192
      ],
      "exit_codes": [
        0,
        0,
        0,
        0,
        0,
        0,
        0,
        0,
        0,
        0,
        0,
        0,
        0,
        0,
        0,
        0,
        0,
        0,
        0,
        0,
        0,
        0,
        0,
        0,
        0
      ],
      "parameters": {
        "n": "0"
      }
    },
    {
      "command": "taskset -c 0 ./pendulum-1.jac.exe --seed 0 9819",
      "mean": 0.04340122615999999,
      "stddev": 0.00017627329383570808,
      "median": 0.04338053592,
      "user": 0.04127648,
      "system": 0.0022491247999999998,
      "min": 0.04310705792,
      "max": 0.043728461919999996,
      "times": [
        0.04316743292,
        0.04343281492,
        0.04345111392,
        0.04329127292,
        0.04338053592,
        0.04367425592,
        0.04326912092,
        0.043559074919999996,
        0.04333719992,
        0.04310705792,
        0.04320988692,
        0.04329752992,
        0.04342538992,
        0.04327284892,
        0.04329885892,
        0.04334181292,
        0.04352508492,
        0.04320565992,
        0.043728461919999996,
        0.04350062892,
        0.04322082292,
        0.04362567592,
        0.04372219392,
        0.04340418492,
        0.04358173292
      ],
      "exit_codes": [
        0,
        0,
        0,
        0,
        0,
        0,
        0,
        0,
        0,
        0,
        0,
        0,
        0,
        0,
        0,
        0,
        0,
        0,
        0,
        0,
        0,
        0,
        0,
        0,
        0
      ],
      "parameters": {
        "n": "1"
      }
    },
    {
      "command": "taskset -c 0 ./pendulum-2.jac.exe --seed 0 9819",
      "mean": 0.011028308240000005,
      "stddev": 0.00018550821525625225,
      "median": 0.010987577920000002,
      "user": 0.00940552,
      "system": 0.0017378480000000002,
      "min": 0.01046736692,
      "max": 0.011475533920000001,
      "times": [
        0.01046736692,
        0.010926831920000001,
        0.011037815920000001,
        0.01102476592,
        0.010908918920000002,
        0.01116614592,
        0.01132278092,
        0.010987577920000002,
        0.011029836920000001,
        0.01091301492,
        0.010979405920000001,
        0.01097778792,
        0.011475533920000001,
        0.01109690592,
        0.011103129920000001,
        0.01094015892,
        0.01124515092,
        0.010863223920000002,
        0.011216083920000001,
        0.010962715920000001,
        0.010965398920000001,
        0.011072871920000001,
        0.01092945992,
        0.01112688992,
        0.01096793192
      ],
      "exit_codes": [
        0,
        0,
        0,
        0,
        0,
        0,
        0,
        0,
        0,
        0,
        0,
        0,
        0,
        0,
        0,
        0,
        0,
        0,
        0,
        0,
        0,
        0,
        0,
        0,
        0
      ],
      "parameters": {
        "n": "2"
      }
    }
  ]
}
