{
  "results": [
    {
      "command": "taskset -c 0 ./cauer_10-ad.jac.exe --seed 0 2300",
      "mean": 0.07306744866,
      "stddev": 0.00028589817541361346,
      "median": 0.07311291206000001,
      "user": 0.07176996000000001,
      "system": 0.0014605064,
      "min": 0.07259543606,
      "max": 0.07361978306,
      "times": [
        0.07273700506000001,
        0.07361978306,
        0.07281657606,
        0.07311291206000001,
        0.07272150506000001,
        0.07321578606000001,
        0.07339412906000001,
        0.07320378906000001,
        0.07331942306,
        0.07259543606,
        0.07352213606,
        0.07321562206,
        0.07311530306000001,
        0.07268371206,
        0.07304612306000001,
        0.07319100906,
        0.07312263406000001,
        0.07287830906000001,
        0.07295231806000001,
        0.07298126806,
        0.07318689906,
        0.07294737006,
        0.07267334706,
        0.07286547406,
        0.07356834706000001
      ],
      "exit_codes": [
        0,
        0,
        0,
        0,
        0,
        0,
        0,
        0,
        0,
        0,
        0,
        0,
        0,
        0,
        0,
        0,
        0,
        0,
        0,
        0,
        0,
        0,
        0,
        0,
        0
      ],
      "parameters": {
        "n": "ad"
      }
    },
    {
      "command": "taskset -c 0 ./cauer_10-0.jac.exe --seed 0 2300",
      "mean": 0.07309167182,
      "stddev": 0.00038057732191120825,
      "median": 0.07310707406,
      "user": 0.07079864,
      "system": 0.0023334335999999995,
      "min": 0.07217843306,
      "max": 0.07371821706000001,
      "times": [
        0.07299322706,
        0.07264120306,
        0.07333718706,
        0.07274616406000001,
        0.07351520406,
        0.07278434106000001,
        0.07254817006,
        0.07288712406,
        0.07312470506,
        0.07339559706000001,
        0.07340826306,
        0.07318470106000001,
        0.07356192406,
        0.07307703606,
        0.07217843306,
        0.07359814006000001,
        0.07293784906,
        0.07347477406000001,
        0.07323731806,
        0.07310707406,
        0.07332575506000001,
        0.07371821706000001,
        0.07255505606000001,
        0.07292627006,
        0.07302806206000001
      ],
      "exit_codes": [
        0,
        0,
        0,
        0,
        0,
        0,
        0,
        0,
        0,
        0,
        0,
        0,
        0,
        0,
        0,
        0,
        0,
        0,
        0,
        0,
        0,
        0,
        0,
        0,
        0
      ],
      "parameters": {
        "n": "0"
      }
    },
    {
      "command": "taskset -c 0 ./cauer_10-1.jac.exe --seed 0 2300",
      "mean": 0.06056677742000001,
      "stddev": 0.0002702775546948416,
      "median": 0.06060861806000001,
      "user": 0.058020559999999985,
      "system": 0.0026010584,
      "min": 0.06010588606,
      "max": 0.061057104060000006,
      "times": [
        0.06022490106,
        0.06071319706,
        0.06044632406000001,
        0.06067092906,
        0.061057104060000006,
        0.06038825306000001,
        0.06067824606,
        0.06103380406,
        0.060169974060000006,
        0.06061159906000001,
        0.06083060606000001,
        0.06054429706,
        0.06060861806000001,
        0.060297452060000006,
        0.060771733060000006,
        0.06092743206,
        0.06071820906000001,
        0.060473646060000004,
        0.06085149806,
        0.06020022606000001,
        0.06063494306,
        0.060226676060000005,
        0.06010588606,
        0.060591408060000004,
        0.06039247306000001
      ],
      "exit_codes": [
        0,
        0,
        0,
        0,
        0,
        0,
        0,
        0,
        0,
        0,
        0,
        0,
        0,
        0,
        0,
        0,
        0,
        0,
        0,
        0,
        0,
        0,
        0,
        0,
        0
      ],
      "parameters": {
        "n": "1"
      }
    },
    {
      "command": "taskset -c 0 ./cauer_10-2.jac.exe --seed 0 2300",
      "mean": 0.012505519940000001,
      "stddev": 0.00015426567650142826,
      "median": 0.01249411706,
      "user": 0.010338679999999998,
      "system": 0.0022694280000000004,
      "min": 0.01218601806,
      "max": 0.01296960606,
      "times": [
        0.01218601806,
        0.01237836506,
        0.01266999406,
        0.01249411706,
        0.01249848406,
        0.01250036006,
        0.01266058306,
        0.01244228506,
        0.01221883306,
        0.01248562006,
        0.01268259206,
        0.01255483806,
        0.012526823060000001,
        0.012441734060000001,
        0.01245508906,
        0.01263436706,
        0.01253974406,
        0.01257515606,
        0.01239821806,
        0.01247051306,
        0.01243557606,
        0.012560011060000001,
        0.01247434006,
        0.01296960606,
        0.01238473106
      ],
      "exit_codes": [
        0,
        0,
        0,
        0,
        0,
        0,
        0,
        0,
        0,
        0,
        0,
        0,
        0,
        0,
        0,
        0,
        0,
        0,
        0,
        0,
        0,
        0,
        0,
        0,
        0
      ],
      "parameters": {
        "n": "2"
      }
    }
  ]
}
