{
  "results": [
    {
      "command": "taskset -c 0 ./cauer_100-ad.jac.exe --seed 0 2900",
      "mean": 3.40875865382,
      "stddev": 0.004672825154659605,
      "median": 3.4075752283,
      "user": 3.3682796,
      "system": 0.040158820000000005,
      "min": 3.4026149723,
      "max": 3.4220949873,
      "times": [
        3.4104246603,
        3.4220949873,
        3.4055572403,
        3.4138942143,
        3.4131850733,
        3.4034718073,
        3.4048304353,
        3.4064901143,
        3.4075752283,
        3.4073899673,
        3.4145072073,
        3.4076520503,
        3.4043543443,
        3.4149635123,
        3.4121022393000002,
        3.4086246153,
        3.4091689933,
        3.4076748973,
        3.4145328353,
        3.4026149723,
        3.4066245713,
        3.4035234813,
        3.4069502163000003,
        3.4045048713,
        3.4062538103
      ],
      "exit_codes": [
        0,
        0,
        0,
        0,
        0,
        0,
        0,
        0,
        0,
        0,
        0,
        0,
        0,
        0,
        0,
        0,
        0,
        0,
        0,
        0,
        0,
        0,
        0,
        0,
        0
      ],
      "parameters": {
        "n": "ad"
      }
    },
    {
      "command": "taskset -c 0 ./cauer_100-0.jac.exe --seed 0 2900",
      "mean": 3.4082771362199997,
      "stddev": 0.00508512074466185,
      "median": 3.4082099373,
      "user": 3.3705029200000007,
      "system": 0.03745426,
      "min": 3.3984581223,
      "max": 3.4164943923,
      "times": [
        3.4116323053,
        3.4029018373,
        3.4155293623,
        3.4023505583,
        3.4116241353,
        3.4082099373,
        3.4136774443,
        3.4136352053,
        3.4034120263,
        3.3999123793,
        3.4155620833,
        3.4065368603,
        3.4119353333,
        3.4135219093,
        3.4067980493,
        3.4064439653000003,
        3.4039161353000003,
        3.3984581223,
        3.4164943923,
        3.4105078883,
        3.4062467573,
        3.4070471213,
        3.4025626333,
        3.4093171223,
        3.4086948413
      ],
      "exit_codes": [
        0,
        0,
        0,
        0,
        0,
        0,
        0,
        0,
        0,
        0,
        0,
        0,
        0,
        0,
        0,
        0,
        0,
        0,
        0,
        0,
        0,
        0,
        0,
        0,
        0
      ],
      "parameters": {
        "n": "0"
      }
    },
    {
      "command": "taskset -c 0 ./cauer_100-1.jac.exe --seed 0 2900",
      "mean": 2.6665536493000004,
      "stddev": 0.0043897528882186135,
      "median": 2.6667044363,
      "user": 2.6170534000000005,
      "system": 0.04921578,
      "min": 2.6598917023,
      "max": 2.6753491063,
      "times": [
        2.6628421493000003,
        2.6753491063,
        2.6669307563,
        2.6671939093,
        2.6678640883,
        2.6607339433,
        2.6686511693,
        2.6730882573,
        2.6654744513,
        2.6625973053000003,
        2.6649037783000002,
        2.6738563473,
        2.6681355363,
        2.6748499363000002,
        2.6652093293,
        2.6640013743,
        2.6645366313,
        2.6598917023,
        2.6685227513000003,
        2.6658111843,
        2.6667044363,
        2.6674092323,
        2.6601786993000003,
        2.6604720583,
        2.6686330993
      ],
      "exit_codes": [
        0,
        0,
        0,
        0,
        0,
        0,
        0,
        0,
        0,
        0,
        0,
        0,
        0,
        0,
        0,
        0,
        0,
        0,
        0,
        0,
        0,
        0,
        0,
        0,
        0
      ],
      "parameters": {
        "n": "1"
      }
    },
    {
      "command": "taskset -c 0 ./cauer_100-2.jac.exe --seed 0 2900",
      "mean": 0.18847230450000002,
      "stddev": 0.0005515243663397853,
      "median": 0.1885486963,
      "user": 0.17171211999999997,
      "system": 0.0166891024,
      "min": 0.18766754530000002,
      "max": 0.18946408030000003,
      "times": [
        0.18790871630000003,
        0.18946408030000003,
        0.18792893030000002,
        0.18883056930000003,
        0.1876796903,
        0.1879992363,
        0.1885486963,
        0.18916767730000003,
        0.18766754530000002,
        0.1884600653,
        0.1890071603,
        0.18829320930000001,
        0.1890779633,
        0.18783390130000002,
        0.18908270130000002,
        0.18767163530000003,
        0.18872233630000002,
        0.1882856863,
        0.1882458143,
        0.1891124483,
        0.18875961730000002,
        0.1877692173,
        0.18900760330000002,
        0.18862012830000002,
        0.18866298330000003
      ],
      "exit_codes": [
        0,
        0,
        0,
        0,
        0,
        0,
        0,
        0,
        0,
        0,
        0,
        0,
        0,
        0,
        0,
        0,
        0,
        0,
        0,
        0,
        0,
        0,
        0,
        0,
        0
      ],
      "parameters": {
        "n": "2"
      }
    }
  ]
}
