{
  "results": [
    {
      "command": "taskset -c 0 ./cauer_100-ad.res.exe --seed 0 11493",
      "mean": 0.36895934850000023,
      "stddev": 0.004291938201727337,
      "median": 0.36779796624000005,
      "user": 0.36554428999999994,
      "system": 0.0033900936000000005,
      "min": 0.36530424124000005,
      "max": 0.39295307524000006,
      "times": [
        0.36557229724000007,
        0.37552349624000003,
        0.36738285024000006,
        0.36730434624,
        0.36703729424000003,
        0.36981880724000005,
        0.36873211324000005,
        0.36682141024000003,
        0.36892102624000006,
        0.36797853724000007,
        0.36685001624,
        0.36845511624000005,
        0.36690244024000007,
        0.36611370324000003,
        0.37120128224000004,
        0.36611651124000005,
        0.36674798724,
        0.36530424124000005,
        0.36840909424000007,
        0.36861574424000004,
        0.36912807524,
        0.36692791824000004,
        0.36947439424000006,
        0.36783013824000005,
        0.36634101924000007,
        0.36783120424000004,
        0.38757547324,
        0.36704354724000005,
        0.36547014724000004,
        0.36776579424000005,
        0.36672432324000004,
        0.36829000624,
        0.36743336924000003,
        0.36760547224000006,
        0.39295307524000006,
        0.36989511124,
        0.36930034524000005,
        0.36711116124000004,
        0.37358275424000004,
        0.36668360824000007,
        0.36608504624000004,
        0.36886035724000005,
        0.36659553524000005,
        0.36669523924,
        0.36706823124000004,
        0.36660409424000007,
        0.36832907324,
        0.36863249224000005,
        0.36812086624000007,
        0.36753377424000006,
        0.36720207324000004,
        0.36768173524000003,
        0.36789990324000005,
        0.36589006824000003,
        0.36594460324000005,
        0.36792867024000003,
        0.36636708324000006,
        0.36802412324000006,
        0.36691080824000005,
        0.37097195624000007,
        0.36857914724000007,
        0.36964644224000004,
        0.37234031224,
        0.36936207024000006,
        0.36690870724,
        0.36762263824,
        0.36671097524000007,
        0.38088347324000005,
        0.36775137724000007,
        0.36699625124000007,
        0.36815948924,
        0.37423250424000004,
        0.36801327224,
        0.36831579124,
        0.36793756224000007,
        0.36763864024000004,
        0.36855612024000006,
        0.36797605924000004,
        0.36762587324000007,
        0.36899732324000006,
        0.36709303624000006,
        0.36692462724,
        0.37505566624000003,
        0.37232469124000006,
        0.36835967124,
        0.36672486024000006,
        0.36803789424000005,
        0.36681173824,
        0.37724646924000005,
        0.37573966424000005,
        0.36732290224,
        0.36763134824000004,
        0.38413621924,
        0.36843498024000004,
        0.36851817324,
        0.36635750024,
        0.36739520524,
        0.36902438824000006,
        0.36694195524000006,
        0.36747884324
      ],
      "exit_codes": [
        0,
        0,
        0,
        0,
        0,
        0,
        0,
        0,
        0,
        0,
        0,
        0,
        0,
        0,
        0,
        0,
        0,
        0,
        0,
        0,
        0,
        0,
        0,
        0,
        0,
        0,
        0,
        0,
        0,
        0,
        0,
        0,
        0,
        0,
        0,
        0,
        0,
        0,
        0,
        0,
        0,
        0,
        0,
        0,
        0,
        0,
        0,
        0,
        0,
        0,
        0,
        0,
        0,
        0,
        0,
        0,
        0,
        0,
        0,
        0,
        0,
        0,
        0,
        0,
        0,
        0,
        0,
        0,
        0,
        0,
        0,
        0,
        0,
        0,
        0,
        0,
        0,
        0,
        0,
        0,
        0,
        0,
        0,
        0,
        0,
        0,
        0,
        0,
        0,
        0,
        0,
        0,
        0,
        0,
        0,
        0,
        0,
        0,
        0,
        0
      ],
      "parameters": {
        "n": "ad"
      }
    },
    {
      "command": "taskset -c 0 ./cauer_100-0.res.exe --seed 0 11493",
      "mean": 0.36693339860000007,
      "stddev": 0.0037483148576892404,
      "median": 0.36604020674000004,
      "user": 0.36347732999999993,
      "system": 0.003426048399999999,
      "min": 0.36357396124,
      "max": 0.38694730924000004,
      "times": [
        0.36508480124000003,
        0.36429266524000004,
        0.36512729024000007,
        0.36703476124000006,
        0.36992338324000007,
        0.36525128024000003,
        0.36594845424000005,
        0.36613526724000006,
        0.36605076224000005,
        0.36505517424000006,
        0.36671353224000003,
        0.36630843924000006,
        0.36881299524000005,
        0.36636362624,
        0.36700601824000006,
        0.36909340724000006,
        0.36578147524000004,
        0.36419904024000005,
        0.36566758324000004,
        0.36357396124,
        0.36546958524000006,
        0.36554205524000005,
        0.36689419824,
        0.36545546524000005,
        0.36563419624000004,
        0.36690713624000004,
        0.36719336124000007,
        0.36478255424000006,
        0.36520609824000005,
        0.36559457424,
        0.36635433224,
        0.36610584424000003,
        0.36793058324000005,
        0.36676285424000005,
        0.36469343524000003,
        0.36827862524000005,
        0.36571980524000003,
        0.36530901824000006,
        0.36602965124000003,
        0.36953604624,
        0.36584039624000003,
        0.36523169324000004,
        0.36486002524000005,
        0.36796871624000005,
        0.36485177324000007,
        0.36497403124000005,
        0.37197961424000003,
        0.36477236524000006,
        0.36988541424000004,
        0.36774599124000007,
        0.36709483124000003,
        0.36685369324000006,
        0.36829953024000006,
        0.36624540424000007,
        0.36551964324,
        0.36688265124,
        0.38603480624000003,
        0.36567075324000003,
        0.36485001024,
        0.36528689624000005,
        0.36756345324000006,
        0.36740048524,
        0.36634983824000006,
        0.36501076224000006,
        0.38694730924000004,
        0.36473530024000006,
        0.36537209324000003,
        0.36631943324000005,
        0.36940468224000006,
        0.36845541524000003,
        0.36508333824000005,
        0.36616970424000006,
        0.36789496624000007,
        0.36509890324000005,
        0.36773793324000004,
        0.37304549724,
        0.36653662824000005,
        0.36556178424,
        0.36558032124000006,
        0.36367136024,
        0.36634861524000006,
        0.3649871752400001,
        0.36624362024000007,
        0.36629031724000005,
        0.36490017424000004,
        0.36534518824000006,
        0.36717950424000007,
        0.36570573324000005,
        0.36545245724000003,
        0.36493541624000003,
        0.36569148724000006,
        0.36425259724000003,
        0.36762862124000006,
        0.36824741224000007,
        0.36572709424000005,
        0.36549853924000003,
        0.36862770024,
        0.38512479224000007,
        0.36445980824000007,
        0.36708282024000005
      ],