{
  "results": [
    {
      "command": "taskset -c 0 ./pendulum-ad.jac.exe --seed 0 9819",
      "mean": 0.045696057879999995,
      "stddev": 0.00019793426697377217,
      "median": 0.045690685780000004,
      "user": 0.04335097,
      "system": 0.0023862259999999995,
      "min": 0.04520368828,
      "max": 0.04613999228000001,
      "times": [
        0.04565649428,
        0.045756271280000003,
        0.04560028428000001,
        0.04592677028,
        0.04542475128,
        0.04587614928000001,
        0.04567959028,
        0.04544914128000001,
        0.045678227280000004,
        0.04577806328,
        0.04566851428,
        0.04582576228,
        0.04573132228000001,
        0.045671226280000005,
        0.045664096280000004,
        0.04580298528000001,
        0.04563198528,
        0.04562473328,
        0.045718180280000006,
        0.046056625280000006,
        0.046032882280000006,
        0.045608620280000005,
        0.04613999228000001,
        0.04577748628,
        0.045586747280000006,
        0.045675419280000004,
        0.045864514280000004,
        0.045847968280000005,
        0.04585361428,
        0.04584469628000001,
        0.045812175280000006,
        0.045733926280000003,
        0.045599324280000006,
        0.04520368828,
        0.04596402728000001,
        0.04535932328,
        0.04540520028,
        0.04527764428,
        0.04560773228000001,
        0.045953711280000004,
        0.045961312280000007,
        0.045248409280000006,
        0.04549567428,
        0.04578515728,
        0.045394162280000004,
        0.04608335328,
        0.04564502728000001,
        0.045976925280000004,
        0.045767144280000005,
        0.045775606280000006,
        0.045841402280000006,
        0.045668234280000004,
        0.045804177280000004,
        0.04547662628,
        0.04582474628,
        0.04553360428000001,
        0.045556980280000006,
        0.045561688280000005,
        0.04553684828000001,
        0.045875378280000004,
        0.04576264228,
        0.04560492128,
        0.04591298228000001,
        0.04546542228000001,
        0.045732106280000004,
        0.045681993280000006,
        0.045949672280000006,
        0.045582109280000005,
        0.045686120280000006,
        0.04583744028,
        0.045789082280000004,
        0.04569299528,
        0.045661653280000006,
        0.045474455280000006,
        0.04562443228,
        0.04570995328000001,
        0.04538231628,
        0.04598649828,
        0.045741440280000004,
        0.04574838928,
        0.04599814428000001,
        0.04560791428,
        0.045658109280000005,
        0.04587907528000001,
        0.04551301428000001,
        0.04550609128000001,
        0.04559318728,
        0.04590990828,
        0.04604241028,
        0.04575938428,
        0.04547106028,
        0.04585864028,
        0.04568922928000001,
        0.04569214228000001,
        0.04547482328000001,
        0.04531145528,
        0.045411906280000004,
        0.045894633280000006,
        0.045779814280000004,
        0.04534589428000001
      ],
      "exit_codes": [
        0,
        0,
        0,
        0,
        0,
        0,
        0,
        0,
        0,
        0,
        0,
        0,
        0,
        0,
        0,
        0,
        0,
        0,
        0,
        0,
        0,
        0,
        0,
        0,
        0,
        0,
        0,
        0,
        0,
        0,
        0,
        0,
        0,
        0,
        0,
        0,
        0,
        0,
        0,
        0,
        0,
        0,
        0,
        0,
        0,
        0,
        0,
        0,
        0,
        0,
        0,
        0,
        0,
        0,
        0,
        0,
        0,
        0,
        0,
        0,
        0,
        0,
        0,
        0,
        0,
        0,
        0,
        0,
        0,
        0,
        0,
        0,
        0,
        0,
        0,
        0,
        0,
        0,
        0,
        0,
        0,
        0,
        0,
        0,
        0,
        0,
        0,
        0,
        0,
        0,
        0,
        0,
        0,
        0,
        0,
        0,
        0,
        0,
        0,
        0
      ],
      "parameters": {
        "n": "ad"
      }
    },
    {
      "command": "taskset -c 0 ./pendulum-0.jac.exe --seed 0 9819",
      "mean": 0.04570480519000001,
      "stddev": 0.00020236061025817852,
      "median": 0.045692633280000006,
      "user": 0.043361439999999994,
      "system": 0.002399862000000001,
      "min": 0.04528581728,
      "max": 0.04618341328,
      "times": [
        0.04600699728,
        0.04569846828,
        0.045864699280000004,
        0.04540029828,
        0.045553078280000006,
        0.04587713228,
        0.045717855280000004,
        0.04579727228,
        0.04575606628000001,
        0.045609264280000006,
        0.04567202028,
        0.04583265828000001,
        0.04558551928000001,
        0.04550818928000001,
        0.045632241280000006,
        0.04606093028,
        0.045907503280000005,
        0.04561768328,
        0.04603713828000001,
        0.045620508280000006,
        0.045690288280000005,
        0.045505173280000005,
        0.04550577028,
        0.045570352280000004,
        0.04615054628,
        0.045534152280000004,
        0.04592625328,
        0.04537048928,
        0.04550824128000001,
        0.045654231280000006,
        0.046103450280000007,
        0.045548205280000004,
        0.04566055128,
        0.045477198280000006,
        0.04556988128,
        0.04549459728000001,
        0.045786314280000004,
        0.045710537280000005,
        0.04555371028000001,
        0.04538879128000001,
        0.045780090280000005,
        0.045822404280000006,
        0.04565148428,
        0.04557335028,
        0.04545027628000001,
        0.04576832128,
        0.04583657428000001,
        0.046028282280000006,
        0.04577717028,
        0.045952758280000006,
        0.04584184628,
        0.045811373280000005,
        0.04570904428000001,
        0.045615789280000006,
        0.04572095828,
        0.045755978280000005,
        0.045707847280000005,
        0.045754447280000006,
        0.04575554928,
        0.04585099128,
        0.04555062428000001,
        0.045740504280000004,
        0.04568034028,
        0.04554143628000001,
        0.04575369028,
        0.045344147280000004,
        0.04602010728000001,
        0.04577451928,
        0.04561256828,
        0.045801787280000006,
        0.045602832280000005,
        0.04588006228,
        0.04550720028000001,
        0.046163936280000005,
        0.04595077728000001,
        0.04594879628,
        0.045382878280000004,
        0.045585231280000006,
        0.045501442280000005,
        0.045593986280000005,
        0.04597779828,
        0.045594077280000006,
        0.04529795828,
        0.045694978280000006,
        0.04568761928,
        0.04618341328,
        0.045707109280000005,
        0.04528581728,
        0.045737273280000004,
        0.045539342280000006,
        0.04567147128000001,
        0.04573810928,
        0.04557920328,
        0.04575899128,
        0.04616170128,
        0.04557262628000001,
        0.04610207628,
        0.04554475528,
        0.04564379928,
        0.04543673628000001
      ],