{
  "results": [
    {
      "command": "taskset -c 0 ./cauer_100-ad.jac.exe --seed 0 2900",
      "mean": 3.245417046730001,
      "stddev": 0.005345678247052562,
      "median": 3.2449251528600005,
      "user": 3.2045902900000005,
      "system": 0.04042418999999999,
      "min": 3.23324194986,
      "max": 3.25932089486,
      "times": [
        3.23766335586,
        3.24106215686,
        3.2380753378600002,
        3.24908784586,
        3.25515594686,
        3.2495067568600002,
        3.24057205786,
        3.24784643386,
        3.25194950886,
        3.23924530386,
        3.24064641986,
        3.2404473468600004,
        3.24723189486,
        3.25185521586,
        3.25058685286,
        3.23809633086,
        3.2416643088600003,
        3.2456523868600002,
        3.2397673628600003,
        3.24050308286,
        3.2483992508600004,
        3.25396619386,
        3.24675943586,
        3.2519616678600003,
        3.24142467386,
        3.24443151586,
        3.2415826878600003,
        3.24977975086,
        3.2467745158600003,
        3.24841676486,
        3.23787070386,
        3.23838492586,
        3.23324194986,
        3.2401226108600003,
        3.25548900886,
        3.24541255286,
        3.24018800386,
        3.2384963138600003,
        3.24314198786,
        3.24727452586,
        3.24778246686,
        3.25195325586,
        3.23882786986,
        3.24544491886,
        3.2489794778600003,
        3.2452344978600003,
        3.25171841186,
        3.24470776686,
        3.24719795886,
        3.23987362686,
        3.25148584486,
        3.24352181986,
        3.25061355886,
        3.2495245888600004,
        3.2543537118600003,
        3.24445047286,
        3.2448003718600003,
        3.2424108568600003,
        3.25079058386,
        3.2381783688600003,
        3.24509231686,
        3.24252147886,
        3.24190664286,
        3.2514049708600004,
        3.23723999186,
        3.24512790086,
        3.2418092028600003,
        3.2491138638600003,
        3.24386985886,
        3.2430094678600003,
        3.25696165486,
        3.23776655886,
        3.24305278986,
        3.24481085886,
        3.24433981086,
        3.24132035986,
        3.24891334686,
        3.2454486738600004,
        3.2568328438600003,
        3.24040505886,
        3.24298818986,
        3.25346919986,
        3.24408372386,
        3.24958351286,
        3.2499094148600003,
        3.2538298518600004,
        3.24748809986,
        3.24054671886,
        3.24522207686,
        3.24272302486,
        3.24572254586,
        3.2378710238600004,
        3.24226809586,
        3.25932089486,
        3.24156368086,
        3.25076041786,
        3.2436390088600002,
        3.25205254786,
        3.2450394468600003,
        3.24109016586
      ],
      "exit_codes": [
        0,
        0,
        0,
        0,
        0,
        0,
        0,
        0,
        0,
        0,
        0,
        0,
        0,
        0,
        0,
        0,
        0,
        0,
        0,
        0,
        0,
        0,
        0,
        0,
        0,
        0,
        0,
        0,
        0,
        0,
        0,
        0,
        0,
        0,
        0,
        0,
        0,
        0,
        0,
        0,
        0,
        0,
        0,
        0,
        0,
        0,
        0,
        0,
        0,
        0,
        0,
        0,
        0,
        0,
        0,
        0,
        0,
        0,
        0,
        0,
        0,
        0,
        0,
        0,
        0,
        0,
        0,
        0,
        0,
        0,
        0,
        0,
        0,
        0,
        0,
        0,
        0,
        0,
        0,
        0,
        0,
        0,
        0,
        0,
        0,
        0,
        0,
        0,
        0,
        0,
        0,
        0,
        0,
        0,
        0,
        0,
        0,
        0,
        0,
        0
      ],
      "parameters": {
        "n": "ad"
      }
    },
    {
      "command": "taskset -c 0 ./cauer_100-0.jac.exe --seed 0 2900",
      "mean": 3.2414039700300004,
      "stddev": 0.005870267204321786,
      "median": 3.24001779586,
      "user": 3.2016533300000005,
      "system": 0.03936308999999999,
      "min": 3.23282342586,
      "max": 3.26344952586,
      "times": [
        3.2402843848600003,
        3.24703806686,
        3.25923150186,
        3.2430687818600004,
        3.25093038986,
        3.23692206086,
        3.23949755286,
        3.2387014998600003,
        3.2401876888600003,
        3.2389205588600003,
        3.23322094186,
        3.2352655068600003,
        3.23952585386,
        3.2349469878600003,
        3.24129969186,
        3.2365261908600003,
        3.24871064886,
        3.24807662286,
        3.2369144858600003,
        3.24221896486,
        3.24136159086,
        3.23384395786,
        3.23941291286,
        3.23401607186,
        3.24875548286,
        3.25315957986,
        3.24794742086,
        3.2454333228600003,
        3.25058601986,
        3.2430996008600004,
        3.23898839386,
        3.23916246386,
        3.24157757086,
        3.24072994686,
        3.24377466586,
        3.24976590386,
        3.26344952586,
        3.2364550208600003,
        3.23593600486,
        3.24876350586,
        3.23505926386,
        3.2442552088600003,
        3.24859408486,
        3.23659016786,
        3.23589227786,
        3.2486605868600003,
        3.24098312486,
        3.23670663986,
        3.2356627928600004,
        3.2386544238600004,
        3.2377003228600003,
        3.2429573188600003,
        3.2398717938600003,
        3.23717463286,
        3.2359707808600002,
        3.24140363386,
        3.2380758158600003,
        3.23316235786,
        3.24805283886,
        3.23982418686,
        3.23603663586,
        3.2481103578600004,
        3.2408558208600002,
        3.2419833488600003,
        3.23565878686,
        3.25156682386,
        3.24018242086,
        3.23946377186,
        3.2410321948600003,
        3.24011182486,
        3.2345353178600003,
        3.2478659638600003,
        3.2527228748600003,
        3.2473275098600003,
        3.24401030186,
        3.23735645186,
        3.23435868886,
        3.2374582538600003,
        3.23992376686,
        3.2362341208600003,
        3.2487242968600003,
        3.24390683986,
        3.23282342586,
        3.23701105986,
        3.2363507848600004,
        3.24320064186,
        3.2465507868600003,
        3.2405427438600003,
        3.23840577186,
        3.24177784486,
        3.2375334178600004,
        3.2384600428600003,
        3.23896952186,
        3.24290467586,
        3.23490927486,
        3.23472952086,
        3.23897308486,
        3.25126792586,
        3.24431765286,
        3.23928285186
      ],
      "exit_codes": [
        0,
        0,
        0,
        0,
        0,
        0,
        0,
        0,
        0,
        0,
        0,
        0,
        0,
        0,
        0,
        0,
        0,
        0,
        0,
        0,
        0,
        0,
        0,
        0,
        0,
        0,
        0,
        0,
        0,
        0,
        0,
        0,
        0,
        0,
        0,
        0,
        0,
        0,
        0,
        0,
        0,
        0,
        0,
        0,
        0,
        0,
        0,
        0,
        0,
        0,
        0,
        0,
        0,
        0,
        0,
        0,
        0,
        0,
        0,
        0,
        0,
        0,
        0,
        0,
        0,
        0,
        0,
        0,
        0,
        0,
        0,
        0,
        0,
        0,
        0,
        0,
        0,
        0,
        0,
        0,
        0,
        0,
        0,
        0,
        0,
        0,
        0,
        0,
        0,
        0,
        0,
        0,
        0,
        0,
        0,
        0,
        0,
        0,
        0,
        0
      ],