{
  "results": [
    {
      "command": "taskset -c 0 ./cauer_10-ad.res.exe --seed 0 106541",
      "mean": 0.25497202038999994,
      "stddev": 0.0016993723013731703,
      "median": 0.254677565,
      "user": 0.2528510799999999,
      "system": 0.0021373624000000004,
      "min": 0.251976068,
      "max": 0.26086080100000003,
      "times": [
        0.255056122,
        0.26086080100000003,
        0.254617149,
        0.255732474,
        0.253707014,
        0.25342269900000003,
        0.253303665,
        0.254225394,
        0.256999718,
        0.255504305,
        0.254885498,
        0.253885717,
        0.257023288,
        0.26038294900000003,
        0.256033678,
        0.257022335,
        0.253381945,
        0.254470588,
        0.253561087,
        0.253730793,
        0.252773179,
        0.256808516,
        0.254112803,
        0.256604592,
        0.255005696,
        0.255031316,
        0.25406912000000004,
        0.25542422000000004,
        0.254450383,
        0.256117131,
        0.257549829,
        0.25495825,
        0.256745602,
        0.254603478,
        0.25343270300000004,
        0.253559331,
        0.253211148,
        0.255279544,
        0.256703346,
        0.256003195,
        0.253145711,
        0.254160475,
        0.254199449,
        0.255104846,
        0.252807295,
        0.25604625400000003,
        0.256373132,
        0.257406552,
        0.253368737,
        0.25593966500000004,
        0.254564267,
        0.253847928,
        0.25706542600000004,
        0.25314963700000004,
        0.254027595,
        0.254045169,
        0.253751702,
        0.254818761,
        0.254158255,
        0.259036223,
        0.25507486100000004,
        0.257686899,
        0.254737981,
        0.25427967500000004,
        0.252869499,
        0.25648190600000004,
        0.254807176,
        0.254599994,
        0.253947069,
        0.25741088100000004,
        0.251976068,
        0.25230613700000004,
        0.252583137,
        0.25640249200000004,
        0.253552957,
        0.255352701,
        0.25325574700000003,
        0.254954232,
        0.25255319200000004,
        0.254398218,
        0.255912435,
        0.253228503,
        0.25455567,
        0.25528870400000003,
        0.25394477600000004,
        0.25233314900000003,
        0.257465985,
        0.25558241600000003,
        0.255352214,
        0.254272773,
        0.25869620600000004,
        0.255710362,
        0.255240534,
        0.2542842,
        0.254859272,
        0.25429840200000003,
        0.25599988100000004,
        0.25257622,
        0.257287734,
        0.253814101
      ],
      "exit_codes": [
        0,
        0,
        0,
        0,
        0,
        0,
        0,
        0,
        0,
        0,
        0,
        0,
        0,
        0,
        0,
        0,
        0,
        0,
        0,
        0,
        0,
        0,
        0,
        0,
        0,
        0,
        0,
        0,
        0,
        0,
        0,
        0,
        0,
        0,
        0,
        0,
        0,
        0,
        0,
        0,
        0,
        0,
        0,
        0,
        0,
        0,
        0,
        0,
        0,
        0,
        0,
        0,
        0,
        0,
        0,
        0,
        0,
        0,
        0,
        0,
        0,
        0,
        0,
        0,
        0,
        0,
        0,
        0,
        0,
        0,
        0,
        0,
        0,
        0,
        0,
        0,
        0,
        0,
        0,
        0,
        0,
        0,
        0,
        0,
        0,
        0,
        0,
        0,
        0,
        0,
        0,
        0,
        0,
        0,
        0,
        0,
        0,
        0,
        0,
        0
      ],
      "parameters": {
        "n": "ad"
      }
    },
    {
      "command": "taskset -c 0 ./cauer_10-0.res.exe --seed 0 106541",
      "mean": 0.25040765308000007,
      "stddev": 0.002172921218232821,
      "median": 0.249781424,
      "user": 0.2484713499999999,
      "system": 0.002039630800000001,
      "min": 0.247683703,
      "max": 0.25817159700000003,
      "times": [
        0.25043323900000003,
        0.251692527,
        0.250552404,
        0.25184194800000004,
        0.249049083,
        0.24902611000000002,
        0.24859444100000003,
        0.249506789,
        0.252362343,
        0.248350799,
        0.250346334,
        0.251367821,
        0.25471312500000004,
        0.250458833,
        0.249157456,
        0.251504553,
        0.248607285,
        0.24970203800000002,
        0.249294554,
        0.253655727,
        0.25789306700000003,
        0.249293086,
        0.25369188600000003,
        0.252701182,
        0.251513839,
        0.253372072,
        0.249906544,
        0.249045758,
        0.24963612200000002,
        0.251216793,
        0.251447498,
        0.249727992,
        0.248923034,
        0.247801247,
        0.249834856,
        0.24958756600000004,
        0.24880169200000002,
        0.251303864,
        0.249023375,
        0.24829492800000003,
        0.250029043,
        0.24785329,
        0.252072444,
        0.248536937,
        0.24957947200000002,
        0.255186519,
        0.24812230600000001,
        0.24927411,
        0.25044530200000004,
        0.251142111,
        0.251762861,
        0.253185627,
        0.248410276,
        0.257056985,
        0.252038869,
        0.25191774,
        0.250308751,
        0.250903009,
        0.24821288400000002,
        0.250592696,
        0.251390112,
        0.250388434,
        0.251884628,
        0.24789006600000002,
        0.248999007,
        0.247719452,
        0.24934641600000002,
        0.251909606,
        0.25817159700000003,
        0.251078332,
        0.248152903,
        0.253457692,
        0.250798734,
        0.25114901700000003,
        0.248651217,
        0.247846052,
        0.250675517,
        0.24877990600000002,
        0.24931524300000002,
        0.248362523,
        0.251815933,
        0.24860094800000002,
        0.254138018,
        0.24907793,
        0.252169529,
        0.251752386,
        0.248618258,
        0.252983885,
        0.247683703,
        0.247840948,
        0.249467985,
        0.248619382,
        0.248061888,
        0.248914046,
        0.24897838900000002,
        0.250923153,
        0.247917994,
        0.24935098500000002,
        0.24884145300000002,
        0.249176999
      ],
      "exit_codes": [
        0,
        0,
        0,
        0,
        0,
        0,
        0,
        0,
        0,
        0,
        0,
        0,
        0,
        0,
        0,
        0,
        0,
        0,
        0,
        0,
        0,
        0,
        0,
        0,
        0,
        0,
        0,
        0,
        0,
        0,
        0,
        0,
        0,
        0,
        0,
        0,
        0,
        0,
        0,
        0,
        0,
        0,
        0,
        0,
        0,
        0,
        0,
        0,
        0,
        0,
        0,
        0,
        0,
        0,
        0,
        0,
        0,
        0,
        0,
        0,
        0,
        0,
        0,
        0,
        0,
        0,
        0,
        0,
        0,
        0,
        0,
        0,
        0,
        0,
        0,
        0,
        0,
        0,
        0,
        0,
        0,
        0,
        0,
        0,
        0,
        0,
        0,
        0,
        0,
        0,
        0,
        0,
        0,
        0,
        0,
        0,
        0,
        0,
        0,
        0
      ],
      "parameters": {
        "n": "0"
      }
    },
    {
      "command": "taskset -c 0 ./cauer_10-1.res.exe --seed 0 106541",
      "mean": 0.25047530262,
      "stddev": 0.002964476395549435,
      "median": 0.2498039245,
      "user": 0.24848921000000004,
      "system": 0.0020998643999999987,
      "min": 0.247431813,
      "max": 0.272618898,