{
  "results": [
    {
      "command": "taskset -c 0 ./pendulum-ad.exe --output-only-last --step-size 1 --rtol 1.e-5 --atol 1.e-7 --interval 10000",
      "mean": 0.5624157715500001,
      "stddev": 0.003876496771796981,
      "median": 0.5611386891200001,
      "user": 0.5591588099999999,
      "system": 0.0032368920000000008,
      "min": 0.5581818581200001,
      "max": 0.5848377961200001,
      "times": [
        0.5643352221200001,
        0.55916800012,
        0.56093523712,
        0.5593717691200001,
        0.56140221012,
        0.55854814212,
        0.5686807031200001,
        0.5620261081200001,
        0.56083228912,
        0.55990656512,
        0.5609100721200001,
        0.56227364412,
        0.56078725912,
        0.5605841801200001,
        0.5607945131200001,
        0.56477198512,
        0.55944478712,
        0.56073125012,
        0.5655636461200001,
        0.56377571812,
        0.5607687751200001,
        0.56067293912,
        0.5604434851200001,
        0.5623311131200001,
        0.5607086991200001,
        0.56268537612,
        0.5605030781200001,
        0.56245950312,
        0.5668529551200001,
        0.55994836112,
        0.55979690412,
        0.56018841212,
        0.5604067811200001,
        0.5642597221200001,
        0.55864075712,
        0.56217847312,
        0.5631972421200001,
        0.57030998312,
        0.57641849812,
        0.56006984812,
        0.5664420291200001,
        0.5605746921200001,
        0.56055256612,
        0.5612819631200001,
        0.56053812812,
        0.55924901412,
        0.56321253112,
        0.55982369612,
        0.56003139312,
        0.5599694701200001,
        0.5627032471200001,
        0.5598045351200001,
        0.5624534841200001,
        0.5590824441200001,
        0.56228093412,
        0.5593815951200001,
        0.5631408641200001,
        0.5604683491200001,
        0.5607103881200001,
        0.5848377961200001,
        0.5634775431200001,
        0.5638224231200001,
        0.5604034551200001,
        0.56150178612,
        0.5624210431200001,
        0.5631696941200001,
        0.5592760051200001,
        0.56139174812,
        0.56642319212,
        0.56414470912,
        0.56313733312,
        0.5618729181200001,
        0.5621699641200001,
        0.5590571561200001,
        0.5606356291200001,
        0.5601822661200001,
        0.5581818581200001,
        0.5609954151200001,
        0.56048469712,
        0.5615696161200001,
        0.56304032012,
        0.55857098912,
        0.56151985512,
        0.56075880312,
        0.56299086312,
        0.5655204151200001,
        0.5584254551200001,
        0.5601432751200001,
        0.56096753612,
        0.5619856951200001,
        0.56898995612,
        0.5598133441200001,
        0.5620542821200001,
        0.56600424912,
        0.5597883411200001,
        0.56616710412,
        0.56886869912,
        0.5713243241200001,
        0.56489948712,
        0.57120238012
      ],
      "exit_codes": [
        0,
        0,
        0,
        0,
        0,
        0,
        0,
        0,
        0,
        0,
        0,
        0,
        0,
        0,
        0,
        0,
        0,
        0,
        0,
        0,
        0,
        0,
        0,
        0,
        0,
        0,
        0,
        0,
        0,
        0,
        0,
        0,
        0,
        0,
        0,
        0,
        0,
        0,
        0,
        0,
        0,
        0,
        0,
        0,
        0,
        0,
        0,
        0,
        0,
        0,
        0,
        0,
        0,
        0,
        0,
        0,
        0,
        0,
        0,
        0,
        0,
        0,
        0,
        0,
        0,
        0,
        0,
        0,
        0,
        0,
        0,
        0,
        0,
        0,
        0,
        0,
        0,
        0,
        0,
        0,
        0,
        0,
        0,
        0,
        0,
        0,
        0,
        0,
        0,
        0,
        0,
        0,
        0,
        0,
        0,
        0,
        0,
        0,
        0,
        0
      ],
      "parameters": {
        "n": "ad"
      }
    },
    {
      "command": "taskset -c 0 ./pendulum-0.exe --output-only-last --step-size 1 --rtol 1.e-5 --atol 1.e-7 --interval 10000",
      "mean": 0.5522269632099999,
      "stddev": 0.005021507983276271,
      "median": 0.5511350651200001,
      "user": 0.5489807200000001,
      "system": 0.0032514400000000004,
      "min": 0.54754483212,
      "max": 0.5874481421200001,
      "times": [
        0.55472519212,
        0.56330603712,
        0.54978407212,
        0.5492673051200001,
        0.5502542561200001,
        0.5511857321200001,
        0.54953378212,
        0.5551165931200001,
        0.5508625741200001,
        0.55581968112,
        0.5494599241200001,
        0.55130566412,
        0.5477393411200001,
        0.5507702711200001,
        0.55185813612,
        0.5480273001200001,
        0.54754483212,
        0.5494957341200001,
        0.55495298912,
        0.5539816941200001,
        0.55122003312,
        0.54889218612,
        0.5514397561200001,
        0.5520093811200001,
        0.55472066712,
        0.5509265411200001,
        0.55267630812,
        0.5489663691200001,
        0.55388186112,
        0.54852532712,
        0.55961203812,
        0.5516140151200001,
        0.5489518081200001,
        0.55316180112,
        0.5484785861200001,
        0.5522781001200001,
        0.5603039701200001,
        0.5500668231200001,
        0.54876231312,
        0.5505027401200001,
        0.54968614412,
        0.54953561212,
        0.54799131012,
        0.5511258641200001,
        0.5553995271200001,
        0.5519879641200001,
        0.5511442661200001,
        0.5573168731200001,
        0.54879699112,
        0.5486567611200001,
        0.55024876812,
        0.54795438612,
        0.55170971412,
        0.5522890621200001,
        0.55119006112,
        0.5513102741200001,
        0.5502259301200001,
        0.5526750641200001,
        0.5515103441200001,
        0.55321869812,
        0.5577500161200001,
        0.5565971501200001,
        0.5874481421200001,
        0.55535996212,
        0.54959648512,
        0.5553076221200001,
        0.55488395312,
        0.5592815211200001,
        0.54852944912,
        0.56883900312,
        0.55499972212,
        0.5530838091200001,
        0.5520979331200001,
        0.5496725091200001,
        0.55130613112,
        0.5545686991200001,
        0.55488354112,
        0.5502950161200001,
        0.5549744561200001,
        0.54790351912,
        0.54813105212,
        0.54975522712,
        0.5478959441200001,
        0.54967666812,
        0.5509345161200001,
        0.54791072512,
        0.5502904511200001,
        0.5493772101200001,
        0.54891621012,
        0.5538297801200001,
        0.55453557612,
        0.5503805421200001,
        0.54827828712,
        0.55671164912,
        0.5531904941200001,
        0.55090204212,
        0.54900908512,
        0.5490567071200001,
        0.55090598012,
        0.5496741811200001
      ],