{
  "results": [
    {
      "command": "taskset -c 0 ./cauer_10-ad.jac.exe --seed 0 2300",
      "mean": 0.0732121372,
      "stddev": 0.0003071861017714207,
      "median": 0.07321262213999999,
      "user": 0.07115315999999995,
      "system": 0.002141696,
      "min": 0.07203264864,
      "max": 0.07398977764,
      "times": [
        0.07203264864,
        0.07329194064,
        0.07336255264,
        0.07313691863999999,
        0.07318122864,
        0.07339391964,
        0.07288464064,
        0.07310753664,
        0.07368764264,
        0.07326366164,
        0.07293829964,
        0.07373834564,
        0.07285520364,
        0.07286369464,
        0.07298333464,
        0.07304245264,
        0.07335687564,
        0.07337963464,
        0.07328458764,
        0.07319029364,
        0.07340613664,
        0.07298264564,
        0.07374074763999999,
        0.07264957964,
        0.07371056264,
        0.07327893864,
        0.07346182363999999,
        0.07325109664,
        0.07300587064,
        0.07396613164,
        0.07273714364,
        0.07333702564,
        0.07301340464,
        0.07298114164,
        0.07320772964,
        0.07320094664,
        0.07327570264,
        0.07362095464,
        0.07321751464,
        0.07329496364,
        0.07344566263999999,
        0.07307144664,
        0.07360392564,
        0.07330513464,
        0.07308928264,
        0.07314198664,
        0.07308718164,
        0.07342628764,
        0.07317139964,
        0.07360709963999999,
        0.07278748764,
        0.07346494864,
        0.07302610463999999,
        0.07330536164,
        0.07348854964,
        0.07269449964,
        0.07398977764,
        0.07292189164,
        0.07312154763999999,
        0.07332329763999999,
        0.07329760264,
        0.07311456964,
        0.07348550664,
        0.07288321764,
        0.07306651664,
        0.07338619964,
        0.07331579964,
        0.07315429463999999,
        0.07316638064,
        0.07375073764,
        0.07334139264,
        0.07286970263999999,
        0.07327292664,
        0.07334034364,
        0.07296059564,
        0.07269268564,
        0.07346264564,
        0.07339855364,
        0.07296260364,
        0.07317779564,
        0.07289469464,
        0.07390667464,
        0.07324754164,
        0.07315733664,
        0.07317657064,
        0.07326972764,
        0.07300193064,
        0.07325120764,
        0.07278935864,
        0.07285173364,
        0.07325729264,
        0.07350460864,
        0.07300101464,
        0.07316218064,
        0.07272375464,
        0.07314121563999999,
        0.07300080064,
        0.07353596864,
        0.07322066964,
        0.07363101964
      ],
      "exit_codes": [
        0,
        0,
        0,
        0,
        0,
        0,
        0,
        0,
        0,
        0,
        0,
        0,
        0,
        0,
        0,
        0,
        0,
        0,
        0,
        0,
        0,
        0,
        0,
        0,
        0,
        0,
        0,
        0,
        0,
        0,
        0,
        0,
        0,
        0,
        0,
        0,
        0,
        0,
        0,
        0,
        0,
        0,
        0,
        0,
        0,
        0,
        0,
        0,
        0,
        0,
        0,
        0,
        0,
        0,
        0,
        0,
        0,
        0,
        0,
        0,
        0,
        0,
        0,
        0,
        0,
        0,
        0,
        0,
        0,
        0,
        0,
        0,
        0,
        0,
        0,
        0,
        0,
        0,
        0,
        0,
        0,
        0,
        0,
        0,
        0,
        0,
        0,
        0,
        0,
        0,
        0,
        0,
        0,
        0,
        0,
        0,
        0,
        0,
        0,
        0
      ],
      "parameters": {
        "n": "ad"
      }
    },
    {
      "command": "taskset -c 0 ./cauer_10-0.jac.exe --seed 0 2300",
      "mean": 0.07322752454999999,
      "stddev": 0.00030531066649138887,
      "median": 0.07325862914,
      "user": 0.07091202999999999,
      "system": 0.0023836440000000003,
      "min": 0.07253740964,
      "max": 0.07427962564,
      "times": [
        0.07288594964,
        0.07289932264,
        0.07290415564,
        0.07308623664,
        0.07332119264,
        0.07309026464,
        0.07337138364,
        0.07317976564,
        0.07350747064,
        0.07280840063999999,
        0.07270719164,
        0.07253740964,
        0.07290606664,
        0.07336219464,
        0.07289599364,
        0.07347251964,
        0.07329744064,
        0.07349451863999999,
        0.07274993564,
        0.07341008664,
        0.07330267963999999,
        0.07344916664,
        0.07329933163999999,
        0.07328750264,
        0.07331091464,
        0.07275750464,
        0.07386822164,
        0.07313754364,
        0.07341138864,
        0.07344100364,
        0.07346433964,
        0.07350235564,
        0.07304761164,
        0.07273796464,
        0.07366546564,
        0.07362832264,
        0.07352588064,
        0.07280879563999999,
        0.07293772563999999,
        0.07308958264,
        0.07327626664,
        0.07283903664,
        0.07330076464,
        0.07336188864,
        0.07313467664,
        0.07294253764,
        0.07312835564,
        0.07367095664,
        0.07427962564,
        0.07323591064,
        0.07341756564,
        0.07347420064,
        0.07338781264,
        0.07355843664,
        0.07326413363999999,
        0.07321701664,
        0.07295134164,
        0.07360604064,
        0.07319958664,
        0.07297720864,
        0.07302263264,
        0.07289688264,
        0.07277641564,
        0.07375291464,
        0.07327433164,
        0.07288872064,
        0.07255202764,
        0.07320803164,
        0.07340367364,
        0.07325276164,
        0.07313035664,
        0.07344167264,
        0.07315238464,
        0.07321207864,
        0.07334861664,
        0.07290466864,
        0.07285609264,
        0.07317575864,
        0.07299517464,
        0.07330261564,
        0.07357309364,
        0.07302294564,
        0.07325312464,
        0.07346417864,
        0.07344258564,
        0.07341378364,
        0.07336669663999999,
        0.07318847264,
        0.07322192864,
        0.07409267564,
        0.07291648964,
        0.07332536264,
        0.07334444363999999,
        0.07344091763999999,
        0.07327241363999999,
        0.07300473364,
        0.07328025564,
        0.07310915264,
        0.07369258164,
        0.07299464264
      ],
      "exit_codes": [
        0,
        0,
        0,
        0,
        0,
        0,
        0,
        0,
        0,
        0,
        0,
        0,
        0,
        0,
        0,
        0,
        0,
        0,
        0,
        0,
        0,
        0,
        0,
        0,
        0,
        0,
        0,
        0,
        0,
        0,
        0,
        0,
        0,
        0,
        0,
        0,
        0,
        0,
        0,
        0,
        0,
        0,
        0,
        0,
        0,
        0,
        0,
        0,
        0,
        0,
        0,
        0,
        0,
        0,
        0,
        0,
        0,
        0,
        0,
        0,
        0,
        0,
        0,
        0,
        0,
        0,
        0,
        0,
        0,
        0,
        0,
        0,
        0,
        0,
        0,
        0,
        0,
        0,
        0,
        0,
        0,
        0,
        0,
        0,
        0,
        0,
        0,
        0,
        0,
        0,
        0,
        0,
        0,
        0,
        0,
        0,
        0,
        0,
        0,
        0
      ],
      "parameters": {
        "n": "0"
      }
    },
    {
      "command": "taskset -c 0 ./cauer_10-1.jac.exe --seed 0 2300",
      "mean": 0.05917429986000002,
      "stddev": 0.00025908267191562833,
      "median": 0.05917421464,
      "user": 0.056266010000000005,