{
  "results": [
    {
      "command": "taskset -c 0 ./pendulum-ad.res.exe --seed 0 231687",
      "mean": 0.10687762828999998,
      "stddev": 0.0017620747892694798,
      "median": 0.10613877884,
      "user": 0.10480254999999997,
      "system": 0.0021433812,
      "min": 0.10493317584,
      "max": 0.11366794584,
      "times": [
        0.10597600484,
        0.10575840184,
        0.10620157884,
        0.10803345584,
        0.10537635884,
        0.10679069884,
        0.10629398684000001,
        0.10526836484,
        0.10613892784,
        0.10629236284,
        0.10645396984,
        0.10939670184,
        0.10682510684,
        0.10856018484,
        0.10627572284,
        0.10625616384,
        0.10694556784,
        0.10575847384,
        0.11142190884,
        0.10590422184,
        0.10537531784,
        0.10978272984,
        0.10575815884,
        0.10618888284,
        0.10620149584000001,
        0.10908585684,
        0.10563348784,
        0.10787907084000001,
        0.10606567884,
        0.10755585484,
        0.10536705784,
        0.10587158484,
        0.10534452484,
        0.10980749184000001,
        0.10567152184,
        0.10603931684,
        0.10537362384,
        0.10568735184,
        0.10602393384,
        0.10820782684000001,
        0.10585131384,
        0.10610987984,
        0.10554802584,
        0.10562228784,
        0.10563563384,
        0.10567818684000001,
        0.10625971984,
        0.10566089384,
        0.10593827884,
        0.10570460884,
        0.10631265884,
        0.10632530484,
        0.10882743484,
        0.10796927184,
        0.11040691484,
        0.10548449684,
        0.10613261584,
        0.10971951184,
        0.11045950584,
        0.10571260184,
        0.10821829784,
        0.10573430884,
        0.10542268584,
        0.10493317584,
        0.10688489784,
        0.10613862984,
        0.10668722984,
        0.10847190084,
        0.10615253884,
        0.10929831484000001,
        0.10584352084,
        0.10995030184,
        0.11016187484000001,
        0.11366794584,
        0.10673661384,
        0.10580680984,
        0.10787546784,
        0.10550744584,
        0.10641894984,
        0.11138337884,
        0.10906145284,
        0.10675499884,
        0.10586798284,
        0.10513395184,
        0.10964642484,
        0.10556164584,
        0.10570705584,
        0.10592159284,
        0.10515267784,
        0.10621096984,
        0.11071009784000001,
        0.10542630684,
        0.10571856784,
        0.10592810884000001,
        0.10963947384,
        0.10640539584,
        0.10574196684,
        0.10608289684,
        0.10579638384,
        0.10579250784
      ],
      "exit_codes": [
        0,
        0,
        0,
        0,
        0,
        0,
        0,
        0,
        0,
        0,
        0,
        0,
        0,
        0,
        0,
        0,
        0,
        0,
        0,
        0,
        0,
        0,
        0,
        0,
        0,
        0,
        0,
        0,
        0,
        0,
        0,
        0,
        0,
        0,
        0,
        0,
        0,
        0,
        0,
        0,
        0,
        0,
        0,
        0,
        0,
        0,
        0,
        0,
        0,
        0,
        0,
        0,
        0,
        0,
        0,
        0,
        0,
        0,
        0,
        0,
        0,
        0,
        0,
        0,
        0,
        0,
        0,
        0,
        0,
        0,
        0,
        0,
        0,
        0,
        0,
        0,
        0,
        0,
        0,
        0,
        0,
        0,
        0,
        0,
        0,
        0,
        0,
        0,
        0,
        0,
        0,
        0,
        0,
        0,
        0,
        0,
        0,
        0,
        0,
        0
      ],
      "parameters": {
        "n": "ad"
      }
    },
    {
      "command": "taskset -c 0 ./pendulum-0.res.exe --seed 0 231687",
      "mean": 0.10311800220000002,
      "stddev": 0.004384048303363194,
      "median": 0.10175083434,
      "user": 0.10091029000000004,
      "system": 0.002241824,
      "min": 0.10101857784,
      "max": 0.12511226584000001,
      "times": [
        0.10177796184,
        0.10164108084,
        0.10220594684,
        0.10299447384,
        0.10162566884,
        0.10166571784,
        0.10583356284,
        0.10203251284,
        0.10152463784,
        0.10118166784,
        0.10179752084,
        0.10192074184,
        0.10281328484,
        0.10131369184,
        0.10178374184,
        0.10147153284,
        0.10184216884,
        0.10144000784,
        0.10591457184,
        0.10145741284,
        0.10194037084,
        0.12151907984,
        0.10302190684,
        0.10176194384,
        0.10593581384,
        0.10132140184,
        0.10184762284,
        0.10146124984,
        0.10196006984,
        0.10129977884000001,
        0.10115100184,
        0.10231718684,
        0.10164420584,
        0.10173825084,
        0.10135360984,
        0.10840754984,
        0.10622706084,
        0.10141349384,
        0.10144954384,
        0.10147127584,
        0.10371459484000001,
        0.10197552984,
        0.10162970884,
        0.10186284384,
        0.10135632484,
        0.10173972484,
        0.10157778584,
        0.10149157784,
        0.10151574084,
        0.10423496084,
        0.10229726184,
        0.12511226584000001,
        0.10179554884,
        0.10108321984,
        0.10172448884,
        0.10217939984,
        0.10165176284,
        0.10325717284,
        0.10139452484,
        0.10587577984,
        0.10130254984,
        0.10584485984,
        0.10201725484,
        0.10178445584,
        0.10171781284,
        0.10318891684,
        0.10206211084,
        0.10163612784,
        0.10163827584,
        0.10230160784,
        0.10168269684,
        0.10149839284,
        0.10188505384,
        0.10542964984,
        0.10126444884000001,
        0.10182874384,
        0.10260377984,
        0.10476814484,
        0.10119483684,
        0.10497116284,
        0.12384785384000001,
        0.10148745784,
        0.10393759984,
        0.10167004384,
        0.10116550384,
        0.10144339984,
        0.10108677384,
        0.10159046084,
        0.10595616584,
        0.10101857784,
        0.10222475084,
        0.10223756784,
        0.10110514784,
        0.10105801184,
        0.12252202484000001,
        0.10181526684,
        0.10121918284,
        0.10163568584,
        0.10172096784,
        0.10148635084
      ],
      "exit_codes": [
        0,
        0,
        0,
        0,
        0,
        0,
        0,
        0,
        0,
        0,
        0,
        0,
        0,
        0,
        0,
        0,
        0,
        0,
        0,
        0,
        0,
        0,
        0,
        0,
        0,
        0,
        0,
        0,
        0,
        0,
        0,
        0,
        0,
        0,
        0,
        0,
        0,
        0,
        0,
        0,
        0,
        0,
        0,
        0,
        0,
        0,
        0,
        0,
        0,
        0,
        0,
        0,
        0,
        0,
        0,
        0,
        0,
        0,
        0,
        0,
        0,
        0,
        0,
        0,
        0,
        0,
        0,
        0,
        0,
        0,
        0,
        0,
        0,
        0,
        0,
        0,
        0,
        0,
        0,
        0,
        0,
        0,
        0,
        0,
        0,
        0,
        0,
        0,
        0,
        0,
        0,
        0,
        0,
        0,
        0,
        0,
        0,
        0,
        0,
        0
      ],
      "parameters": {
        "n": "0"
      }
    },
    {
      "command": "taskset -c 0 ./pendulum-1.res.exe --seed 0 231687",
      "mean": 0.10269290961999998,
      "stddev": 0.0034180925314042034,
      "median": 0.10168805084,
      "user": 0.10068722999999996,
      "system": 0.0020421628,