{
  "results": [
    {
      "command": "taskset -c 0 ./cauer_10-ad.exe --output-only-last --step-size 1 --rtol 1.e-5 --atol 1.e-7 --interval 10000",
      "mean": 1.38133195933,
      "stddev": 0.0069816359041466325,
      "median": 1.37934610042,
      "user": 1.3775890800000008,
      "system": 0.0036579575999999988,
      "min": 1.37422776592,
      "max": 1.41546570092,
      "times": [
        1.39244070492,
        1.37620452192,
        1.37765210592,
        1.37594503592,
        1.37486356692,
        1.38064905392,
        1.38178715092,
        1.37952105692,
        1.38851217492,
        1.38044522392,
        1.38491818192,
        1.3823652399200002,
        1.38192867092,
        1.37962881892,
        1.3750742179200002,
        1.38358387192,
        1.38001764992,
        1.38043018492,
        1.3827832659200001,
        1.37794506692,
        1.3778703569200001,
        1.3766634799200002,
        1.3782949559200002,
        1.37493256792,
        1.37933507992,
        1.37657410592,
        1.39444673792,
        1.37740515092,
        1.38087196092,
        1.37758973892,
        1.37897610792,
        1.38026245592,
        1.39407615792,
        1.38288290792,
        1.3793571209200002,
        1.38431575792,
        1.3783757009200002,
        1.37766782492,
        1.37579392492,
        1.3776961359200002,
        1.38314589092,
        1.37422776592,
        1.39720069692,
        1.37851940192,
        1.37708589492,
        1.38532171592,
        1.39456548992,
        1.38145782192,
        1.37580711892,
        1.38695240092,
        1.37865881192,
        1.38010758792,
        1.4140551509200001,
        1.3754161359200001,
        1.37619904992,
        1.38160743292,
        1.39426685692,
        1.37786959692,
        1.38273712592,
        1.3941793899200001,
        1.37464585592,
        1.37750467792,
        1.38044313892,
        1.37887698792,
        1.38109666792,
        1.37757921292,
        1.37928692392,
        1.37546073492,
        1.37625965192,
        1.37760911192,
        1.37624244592,
        1.38070080792,
        1.3751882339200001,
        1.37773582292,
        1.38249093192,
        1.38570362992,
        1.37494598392,
        1.39189792892,
        1.37971363992,
        1.37896906292,
        1.3836837079200002,
        1.37881288692,
        1.37711686592,
        1.38132282492,
        1.38358033692,
        1.37823901392,
        1.37882440092,
        1.38308921792,
        1.37761136292,
        1.41546570092,
        1.37699961192,
        1.3800795489200002,
        1.37746399992,
        1.37827929692,
        1.37962759692,
        1.3787384629200001,
        1.38154217692,
        1.38206199292,
        1.3773460669200002,
        1.39149407392
      ],
      "exit_codes": [
        0,
        0,
        0,
        0,
        0,
        0,
        0,
        0,
        0,
        0,
        0,
        0,
        0,
        0,
        0,
        0,
        0,
        0,
        0,
        0,
        0,
        0,
        0,
        0,
        0,
        0,
        0,
        0,
        0,
        0,
        0,
        0,
        0,
        0,
        0,
        0,
        0,
        0,
        0,
        0,
        0,
        0,
        0,
        0,
        0,
        0,
        0,
        0,
        0,
        0,
        0,
        0,
        0,
        0,
        0,
        0,
        0,
        0,
        0,
        0,
        0,
        0,
        0,
        0,
        0,
        0,
        0,
        0,
        0,
        0,
        0,
        0,
        0,
        0,
        0,
        0,
        0,
        0,
        0,
        0,
        0,
        0,
        0,
        0,
        0,
        0,
        0,
        0,
        0,
        0,
        0,
        0,
        0,
        0,
        0,
        0,
        0,
        0,
        0,
        0
      ],
      "parameters": {
        "n": "ad"
      }
    },
    {
      "command": "taskset -c 0 ./cauer_10-0.exe --output-only-last --step-size 1 --rtol 1.e-5 --atol 1.e-7 --interval 10000",
      "mean": 1.3990035116499997,
      "stddev": 0.005227534133684896,
      "median": 1.39779952392,
      "user": 1.39502454,
      "system": 0.0038717293999999997,
      "min": 1.39276810592,
      "max": 1.4187760949200001,
      "times": [
        1.40104569492,
        1.40049181492,
        1.3967017049200001,
        1.39645668692,
        1.39922705292,
        1.3987291879200001,
        1.40130704692,
        1.39430129292,
        1.41236160992,
        1.3978940959200001,
        1.39519504192,
        1.3959498969200002,
        1.39486212392,
        1.4003824339200002,
        1.39931978892,
        1.3969253399200001,
        1.39276810592,
        1.3983251249200002,
        1.39808263592,
        1.4028646709200001,
        1.3989299509200002,
        1.39647316392,
        1.40072264092,
        1.39964778092,
        1.39667040592,
        1.39491322892,
        1.4187760949200001,
        1.39509156392,
        1.39507676992,
        1.39779760492,
        1.4017029889200001,
        1.3976935989200001,
        1.39780144292,
        1.40562033492,
        1.39978936692,
        1.39380409392,
        1.39863153792,
        1.39519819192,
        1.39692478192,
        1.39326774392,
        1.3979646349200001,
        1.3933162349200001,
        1.39621925392,
        1.39679126792,
        1.4000906749200002,
        1.39869752092,
        1.3938128489200001,
        1.39480445992,
        1.39544712692,
        1.4068231639200002,
        1.39515845292,
        1.39363024792,
        1.40057829792,
        1.39976591892,
        1.41631634592,
        1.4127546959200001,
        1.40544509692,
        1.39871542292,
        1.39627867792,
        1.4145136659200002,
        1.39854916292,
        1.39873458392,
        1.39930703992,
        1.39869914492,
        1.39515328992,
        1.39594728992,
        1.4038342699200002,
        1.39687796992,
        1.39775811192,
        1.4019216459200001,
        1.39641574992,
        1.39645635092,
        1.39330737292,
        1.39720098192,
        1.3938967209200002,
        1.4042232459200001,
        1.39815623692,
        1.39478818192,
        1.39511232092,
        1.39337623792,
        1.39772003992,
        1.41388737492,
        1.3995994739200002,
        1.39962695592,
        1.39409370792,
        1.39570611892,
        1.3980522749200002,
        1.3971647279200001,
        1.39742539192,
        1.3958286929200001,
        1.4018144619200001,
        1.41236202592,
        1.39685749792,
        1.39551372192,
        1.3980866999200001,
        1.40118464992,
        1.39644438892,
        1.39556112192,
        1.4026721849200001,
        1.40618509392
      ],
      "exit_codes": [
        0,
        0,
        0,
        0,
        0,
        0,
        0,
        0,
        0,
        0,
        0,
        0,
        0,
        0,
        0,
        0,
        0,
        0,
        0,
        0,
        0,
        0,
        0,
        0,
        0,
        0,
        0,
        0,
        0,
        0,
        0,
        0,
        0,
        0,
        0,
        0,
        0,
        0,
        0,
        0,
        0,
        0,
        0,
        0,
        0,
        0,
        0,
        0,
        0,
        0,
        0,
        0,
        0,
        0,
        0,
        0,
        0,
        0,
        0,
        0,
        0,
        0,
        0,
        0,
        0,
        0,
        0,
        0,
        0,
        0,
        0,
        0,
        0,
        0,
        0,
        0,
        0,
        0,
        0,
        0,
        0,
        0,
        0,
        0,
        0,
        0,
        0,
        0,
        0,
        0,
        0,
        0,
        0,
        0,
        0,
        0,
        0,
        0,
        0,
        0
      ],