{
  "results": [
    {
      "command": "taskset -c 0 ./cauer_100-ad.exe --output-only-last --step-size 1 --rtol 1.e-5 --atol 1.e-7 --interval 1000",
      "mean": 2.686647354270001,
      "stddev": 0.012491915400419223,
      "median": 2.6836362943000003,
      "user": 2.66232172,
      "system": 0.02409408,
      "min": 2.6709820728,
      "max": 2.7492050418,
      "times": [
        2.6788448248,
        2.6853371918,
        2.6816202498,
        2.6712981718,
        2.6744571158,
        2.6793488488,
        2.6741916997999997,
        2.6943158598,
        2.6836373178,
        2.6789108818000003,
        2.6793108508,
        2.7414666818,
        2.6935534737999998,
        2.7012489978,
        2.6914066518,
        2.7252444558,
        2.6830527688,
        2.6810843178,
        2.6876612698,
        2.6867309028,
        2.7059516948,
        2.6913054408,
        2.6912037638,
        2.6945649248,
        2.6806267698,
        2.6768869358,
        2.6962852028,
        2.6824035818,
        2.6891614088,
        2.6857256188,
        2.6807926408,
        2.6823116358,
        2.6872071807999998,
        2.6871385238,
        2.6880336637999998,
        2.6835035178,
        2.6836352708,
        2.6871188128,
        2.6931677408,
        2.6872607137999998,
        2.6815194998000003,
        2.6879621848,
        2.6873745938,
        2.7050439038,
        2.6872036688,
        2.6809972788,
        2.6937279618,
        2.7492050418,
        2.6844893277999997,
        2.6853868558,
        2.6878785948,
        2.6835840198,
        2.6888365488,
        2.6768049418,
        2.6794325258000002,
        2.6859511478,
        2.6821639778,
        2.6828472078,
        2.6789716138,
        2.6944176708,
        2.6803846388,
        2.6784923838,
        2.6855380697999998,
        2.6992079848,
        2.6770008638,
        2.6815679948,
        2.6802025588,
        2.6793313658,
        2.6849755278,
        2.6709820728,
        2.6759225918,
        2.6921300588,
        2.6776036028,
        2.6822218788,
        2.6837219038,
        2.6835228368,
        2.6892032468,
        2.6830067118,
        2.6760525248,
        2.6792113688,
        2.6769977568,
        2.6845101808000003,
        2.6732870648000002,
        2.6829927207999997,
        2.6832980248,
        2.6859876188,
        2.6903662078,
        2.6804706728,
        2.6795171868,
        2.6848063758,
        2.6768065778,
        2.6757327188,
        2.6917082008,
        2.6782323518,
        2.6940711498,
        2.6852434478,
        2.6812390398,
        2.6793165428,
        2.7323704268,
        2.6966948328
      ],
      "exit_codes": [
        0,
        0,
        0,
        0,
        0,
        0,
        0,
        0,
        0,
        0,
        0,
        0,
        0,
        0,
        0,
        0,
        0,
        0,
        0,
        0,
        0,
        0,
        0,
        0,
        0,
        0,
        0,
        0,
        0,
        0,
        0,
        0,
        0,
        0,
        0,
        0,
        0,
        0,
        0,
        0,
        0,
        0,
        0,
        0,
        0,
        0,
        0,
        0,
        0,
        0,
        0,
        0,
        0,
        0,
        0,
        0,
        0,
        0,
        0,
        0,
        0,
        0,
        0,
        0,
        0,
        0,
        0,
        0,
        0,
        0,
        0,
        0,
        0,
        0,
        0,
        0,
        0,
        0,
        0,
        0,
        0,
        0,
        0,
        0,
        0,
        0,
        0,
        0,
        0,
        0,
        0,
        0,
        0,
        0,
        0,
        0,
        0,
        0,
        0,
        0
      ],
      "parameters": {
        "n": "ad"
      }
    },
    {
      "command": "taskset -c 0 ./cauer_100-0.exe --output-only-last --step-size 1 --rtol 1.e-5 --atol 1.e-7 --interval 1000",
      "mean": 2.6962513013300016,
      "stddev": 0.00923152255971171,
      "median": 2.6943049012999998,
      "user": 2.6721692400000006,
      "system": 0.023849069999999997,
      "min": 2.6849065768,
      "max": 2.7434263768,
      "times": [
        2.6856706558,
        2.6936183207999997,
        2.6918691578000002,
        2.6849500728,
        2.6853693298,
        2.6975913628,
        2.6960589158,
        2.6936654148,
        2.6933524288,
        2.6909476147999998,
        2.7018632308,
        2.6956977888,
        2.7014570628,
        2.7071110438,
        2.6873712328,
        2.6887555688,
        2.6998063547999998,
        2.6974373847999997,
        2.6942716548,
        2.6909010068,
        2.6961989778,
        2.6970318128,
        2.7276933588,
        2.6911042108,
        2.6967562618,
        2.6979795598000003,
        2.7028539717999998,
        2.6936577608,
        2.7262180638,
        2.6911358227999997,
        2.6927593977999997,
        2.6873766218,
        2.7049418128,
        2.6991167878,
        2.7434263768,
        2.6858594708,
        2.6949967228,
        2.7084338517999997,
        2.6921610508000002,
        2.6965003218,
        2.7022014328,
        2.7126031868,
        2.6971813068,
        2.6910986288,
        2.6929189388,
        2.6988721738,
        2.6916250768,
        2.6903273928,
        2.7126862558,
        2.7010598878,
        2.6948184858,
        2.6996601158,
        2.7071443208,
        2.6947947958,
        2.6867035248,
        2.6975509777999997,
        2.6897826278,
        2.6937734258,
        2.7084418738,
        2.6906836118,
        2.6940555548000003,
        2.6891054968,
        2.6947942127999998,
        2.6886016268,
        2.6970576808,
        2.6929668988,
        2.6977143558,
        2.6907161878,
        2.6920348028,
        2.6914829778,
        2.6849065768,
        2.6969508967999998,
        2.6922363028,
        2.6915611567999997,
        2.6998393358,
        2.6856558688,
        2.6909639108,
        2.6925743608,
        2.6901058448,
        2.7219788628,
        2.6974549328,
        2.6907641628,
        2.6855287898,
        2.6943381478,
        2.6893194538,
        2.7033220038,
        2.6979344698,
        2.6857981048,
        2.7004551588,
        2.6919935138,
        2.6964974428,
        2.6973809358,
        2.6969090478,
        2.6969447728000002,
        2.7002884758,
        2.7035641218,
        2.6893827778,
        2.6911684198,
        2.6931296348,
        2.6897569938
      ],
      "exit_codes": [
        0,
        0,
        0,
        0,
        0,
        0,
        0,
        0,
        0,
        0,
        0,
        0,
        0,
        0,
        0,
        0,
        0,
        0,
        0,
        0,
        0,
        0,
        0,
        0,
        0,
        0,
        0,
        0,
        0,
        0,
        0,
        0,
        0,
        0,
        0,
        0,
        0,
        0,
        0,
        0,
        0,
        0,
        0,
        0,
        0,
        0,
        0,
        0,
        0,
        0,
        0,
        0,
        0,
        0,
        0,
        0,
        0,
        0,
        0,
        0,
        0,
        0,
        0,
        0,
        0,
        0,
        0,
        0,
        0,
        0,
        0,
        0,
        0,
        0,
        0,
        0,
        0,
        0,
        0,
        0,
        0,
        0,
        0,
        0,
        0,
        0,
        0,
        0,
        0,
        0,
        0,
        0,
        0,
        0,
        0,
        0,
        0,
        0,
        0,
        0
      ],
      "parameters": {
        "n": "0"
      }
    },
    {
      "command": "taskset -c 0 ./cauer_100-1.exe --output-only-last --step-size 1 --rtol 1.e-5 --atol 1.e-7 --interval 1000",
      "mean": 2.6880268345699996,
      "stddev": 0.008967976004309196,
      "median": 2.6868939508,
      "user": 2.66930539,